ID,y
1,79.5808280954146
2,98.12793396935095
3,81.91542810248342
4,78.98697222890226
5,116.04281516153813
8,93.70676087364782
10,115.88121695597172
11,97.01910065636267
12,118.33759115031927
14,96.78053711876501
15,118.40047262004583
16,109.59899995787003
17,102.25195056252673
19,97.01469849571814
20,106.99040010680406
21,102.4052403574486
22,118.78474996379583
23,102.27832537942126
26,97.54716147481344
28,95.25911986762773
29,98.44991046242907
33,98.3759663706322
35,93.54181022078708
41,98.34026843362048
42,94.12444336243666
43,116.21669576457708
45,103.2082265879886
46,103.5432376630985
51,94.50598907517721
53,83.3865318871145
55,112.97493875868062
56,93.93953704881002
57,104.09858840855958
58,94.21204092734934
59,104.60882877466344
63,111.83513162326119
64,95.03362304993666
65,106.10839875286007
69,94.40343528485275
71,96.02954855085454
72,105.07776657008057
73,94.53658294724752
76,104.33926001127219
77,105.60776342563781
78,114.22559076893177
82,94.51002502488424
83,106.10839875286007
84,94.09519226380385
85,103.35637394528311
87,112.0921239383936
88,98.29640704446032
89,113.05368704874516
91,94.44347809776892
93,94.5394377868551
94,105.20824683925593
95,96.28049134239782
96,111.91013999063969
97,95.71466614659371
98,112.54738516886235
99,93.99269532189001
101,104.00018159339447
103,113.05368704874516
104,93.90670044251479
105,111.93085379679204
110,94.56608237325094
111,112.25994010050297
113,113.03502470234014
114,94.30714416550924
115,111.45379853172781
117,113.05368704874516
120,94.30728577599157
121,112.06779379923344
122,110.16645935056448
123,113.08141905048467
126,112.4239110477686
132,112.22050751997767
135,107.9853436315162
137,105.80620184331059
138,94.37498504944838
140,94.02545929002096
142,112.32330024254645
144,111.82864279825688
148,93.17977264402151
149,113.73901108850919
155,95.2623422330195
156,111.78307242472172
157,96.15073182042184
162,112.08777518351079
163,94.67117851583973
167,94.35425995812048
172,116.21669576457708
179,113.05743223407842
180,106.75237824376168
181,111.337462378335
182,94.44132537559028
183,113.05368704874516
185,113.05368704874516
187,112.28834433634282
188,94.33365631150534
189,93.59176635789206
191,94.23782776817907
192,112.30861830121268
193,94.5967450045072
194,111.67899985392094
195,94.07210540818502
196,113.24851889688969
198,95.87658529941632
199,112.29624838907719
201,103.87303510059246
204,94.59626800843276
205,106.62737344555549
206,94.48665618943502
210,93.80348633751501
211,104.00018159339447
216,112.56752677042485
219,115.73866079143255
220,94.32234620079626
221,111.41239829142094
226,111.337462378335
227,95.69043121594893
228,111.82404990274907
230,111.62855429728032
231,95.71050812657418
235,116.27683828166693
236,94.28348206505407
238,111.66737265665532
242,104.1965548953016
243,94.42712830528845
244,80.16542291634167
245,112.00569469624637
247,113.78991599161625
248,90.4358251894543
249,93.53170807190932
250,112.18058906116727
251,94.28348206505407
253,116.27683828166693
254,98.60425251918454
256,94.34459717103041
257,94.06433105515768
258,113.22049613077641
259,94.02269410118689
262,83.03194008110623
266,94.76332457910274
267,112.84931845743657
272,103.39581326989807
273,113.05368704874516
275,105.0389492797637
276,114.91702170450688
279,94.66996276313554
280,106.11101563518429
283,93.74737214073767
285,111.74883170206547
288,113.05368704874516
289,95.29547882127096
290,103.88173261035809
291,94.63854248353041
292,112.09955496866704
293,111.86254782755375
296,121.9018643188262
297,111.61065573771
298,114.2809954320177
299,94.51307678269674
304,93.73052246399916
305,84.57600919539462
306,94.05528259324362
307,111.35231680948735
311,107.06466747030859
313,111.3039159305811
314,93.96260498985876
316,99.08867144883038
324,95.21255921349157
327,94.67166919727643
329,93.83629638978041
330,111.71890921671391
337,105.12070973336714
338,94.68853027649916
339,103.8964863698094
340,94.9825824005226
343,93.50511200257338
345,115.8098888187763
346,94.92600952498506
347,112.32230277140141
349,110.76619063966274
350,93.84503173875143
352,113.0695409305811
353,93.74919556603064
354,79.23882684894676
357,93.75847228418087
358,114.76241880634404
362,113.62628073771
364,113.69599908910587
365,109.827416424831
366,94.4541668795072
367,112.35156149942875
368,94.6088821382856
370,79.24617009730923
373,93.96519949668527
377,93.6837582491361
378,111.67712302286625
382,104.29964819486594
384,111.82921500284672
390,94.24988221153845
392,115.21129508097172
393,113.23834891397954
395,94.90556366272963
396,104.11874086484465
399,80.84529716376213
406,111.3039159305811
408,111.3039159305811
409,94.26642974267696
410,79.29419934566488
412,113.46387381632329
413,93.58179902062048
419,94.05558776902487
420,113.7374554274378
421,93.84494446739782
430,104.60977727659667
434,94.17241333946814
436,94.91661071824362
437,93.96264648484518
438,94.25377320274939
439,111.88935751993657
440,93.81030701622595
443,112.765685034585
446,94.10092193909682
448,93.97832428328584
452,94.56612396287252
453,103.75054116382088
457,103.67455855638144
458,94.79943084763815
459,112.74888726820984
460,103.35641996031987
462,104.66246992058416
464,103.63553983539808
465,115.80241201213568
467,114.92888053871184
471,113.37526584746112
472,78.84118940266808
473,94.10115051316549
475,94.06821106896032
480,94.76694205039621
488,111.57713980753422
490,111.35973258097172
491,103.8932785172226
492,78.70578372011377
493,94.47904570947384
497,93.07997559532751
498,114.9543065555811
499,94.52816428243062
500,107.82669640781904
501,94.80861663865377
502,112.59908957560063
506,81.26951329508611
510,111.38674808623065
511,93.67128418907751
512,93.88996918030776
516,94.85444671937026
518,94.08663177537252
519,113.29140372354985
521,92.88341187462439
522,113.73431266724742
526,112.59210105021
529,94.96709633633992
532,112.33261771280766
533,94.97163696006294
536,113.51844722110314
537,99.6001629732572
539,94.47576904343893
540,104.00021974036713
541,94.08563598046993
543,93.83421325730612
546,112.31656546671391
547,93.92979859337439
548,79.28394024140098
551,94.06410582910274
552,103.06717137045169
556,103.80262038157747
557,94.80726614118657
558,112.38651175577641
559,94.52812988587416
560,106.18846133378909
562,106.38738751889986
566,94.11720227355556
570,114.87580008585454
571,93.96264648484518
572,106.18712647502804
573,94.40246582078268
575,115.80241201213568
576,112.51701254923344
577,94.02127503380407
579,93.99655579552282
580,112.03698630411625
581,112.3353833134347
589,111.40516562540532
591,102.90184537535893
593,94.47753174134291
594,104.48230409832055
595,94.8308410649233
598,94.00188048730587
602,111.76760001261235
604,112.29590513351187
606,111.04784814963145
608,94.36333130821814
609,104.01174775550385
610,94.59411621140768
616,112.34485526163579
617,94.59810783080042
618,102.71203366881596
620,104.61144455320797
622,112.47451802838535
623,93.27511596726706
624,118.23339256126437
626,112.30869193155766
628,112.06778616983891
629,95.37242126511862
630,111.60959525187016
637,95.32272369690932
638,103.77949582423258
643,95.2982968085457
645,94.76694205039621
646,115.43697001720199
648,95.60857381940923
652,94.06397198791103
653,93.97639465379049
654,114.87580008585454
656,112.49603934366704
657,94.20349549278845
659,95.54092835411657
660,104.24962362725321
663,95.21303680417776
664,112.44122977335454
666,103.80788922282005
668,111.37271781046391
669,93.9061932466947
671,94.75458182393453
675,93.45029480286635
677,94.1920819185697
678,111.73499456608849
679,106.92792782713701
682,95.5588542881699
685,103.84459143214849
687,94.35565551171993
688,98.35140656456579
693,112.12052054483891
696,94.81417102833112
698,94.67982627562463
701,100.22407408493217
704,104.40046575498573
705,115.74687764934271
709,112.79665189960576
710,94.59352111863424
711,103.85120526490459
712,94.4134612243551
714,110.98366446573735
715,92.01068861923196
716,111.41404624063969
717,94.95263671922018
720,115.84807393840521
721,94.24998902306189
724,107.63940625550958
725,94.35303528138198
726,112.28145167116602
728,112.49830527384282
731,94.55830048546423
734,104.59367703784667
738,94.86808807679213
745,112.37312216837407
746,94.05281097718276
751,78.69544561745388
754,94.04418610558142
756,94.12632416710485
758,94.04238556847204
759,111.8873949978942
761,116.23401449016302
766,95.08253783896919
767,113.47836966593266
768,93.27511596726706
769,112.53115586389981
770,94.63199729354099
771,78.70184695253565
772,107.10703023122468
773,94.07105620752071
774,112.55255026896
776,111.84197135050297
777,94.15074585899939
780,116.21072194865911
782,104.01832136971316
787,103.2345551616846
788,94.46466064500143
792,93.36918640183737
793,112.49626822550297
798,94.5660198920418
800,93.36530732140173
806,111.41404624063969
809,113.16071226241812
811,112.32961173136235
812,93.66723632859518
814,115.92418477824896
816,104.42890440303825
817,94.58224518128432
818,111.34423412533465
820,112.44264121134282
823,94.75685119675924
829,94.7986493013822
830,112.4613849840612
831,92.7565350435697
834,111.76589102823735
839,94.87994689658638
841,78.76955002314355
844,103.93996278235932
845,94.41920471238424
848,93.78712494202651
850,93.73678851426007
851,103.37074796324956
852,96.77222045312618
854,93.89529084190954
855,94.8337602877009
856,104.01927265028164
859,102.92000490103052
861,112.55255026896
864,93.86317872032751
865,112.56921286661625
866,93.84911011681189
867,94.44868134483923
869,94.7071816286327
871,93.92443512901892
872,111.41404624063969
882,103.20023205397845
883,94.20590638146032
885,94.54711181946791
888,94.7877275468858
893,111.14072318155766
901,111.68659368718224
903,103.91743318030854
904,94.24767448119104
905,106.70620523656345
910,94.59870292357385
911,111.83046622354985
914,113.55900464550689
918,112.1634130008936
921,93.38029908165564
928,94.34091949509909
929,104.14463930773582
932,99.43271302208532
933,105.89335215773366
934,94.59870292357385
935,112.02218527872563
937,81.08561753158804
939,94.62490081834127
940,103.74430012009284
941,94.66855986963009
942,103.43724738806014
943,94.39554740599573
944,103.53983464763635
947,111.41921134073735
949,112.3217381962061
951,112.46665854532719
952,95.11104614563979
953,103.92442170569916
954,79.55694185496921
957,112.01937766153813
959,93.57629425354995
960,113.69234224003185
963,115.91936300090521
965,111.41921134073735
967,104.08726812170056
971,94.23527526902487
972,78.99909398608801
973,93.8898024719137
974,112.31671812179312
975,96.46190643357565
978,117.55441977054431
980,113.64633841593266
981,94.96402456992746
984,113.77597882245516
986,94.59870292357385
988,93.27511596726706
989,112.15168662149907
990,103.66802837966205
992,111.7088257428463
996,94.02046966599752
999,112.62189383585454
1000,93.97973298058142
1001,112.53537650187016
1002,93.35914277062048
1003,111.91730399210454
1004,93.69939087853064
1008,112.09803671915532
1009,94.0714065523481
1010,106.55392766532955
1012,114.08026077782588
1013,94.2200762821978
1014,112.45299429972172
1015,93.96339081749548
1016,115.87456319621771
1019,95.40164612755407
1020,112.31140799601079
1021,94.59870292357385
1022,106.38909732528725
1024,94.59870292357385
1025,80.22991404520388
1027,94.40842979757801
1028,103.98875215422254
1029,94.32143830284704
1030,93.87731201478041
1033,112.12660880167485
1036,94.60999572211992
1037,111.52930350382329
1038,94.00249909386267
1042,94.62490081834127
1043,103.94650443714247
1044,94.04634522423376
1045,111.89801688272954
1047,112.94704813273358
1050,93.50510406541159
1051,111.26349539835454
1054,94.74766540574362
1056,94.96402456992746
1057,94.26015137657751
1059,94.54822571106948
1062,101.46431962387726
1063,104.65277390572606
1064,94.96402456992746
1066,94.43933471093868
1070,103.71209793807046
1076,112.64922239425405
1077,100.00471924767126
1078,114.56918997843266
1080,113.08835508468374
1082,111.83254444015532
1083,94.70198078174909
1089,116.54211455390393
1091,94.79109973926862
1093,94.15277893372573
1097,95.11167289427698
1099,93.42000579881002
1101,94.59870292357385
1103,94.56993103074362
1104,112.47060294229985
1106,112.55618079228881
1109,94.67923247749101
1110,112.04083151896
1111,96.90553557807695
1112,112.74103053302338
1114,94.55397796677877
1116,97.93856811570456
1117,112.87853140909672
1120,93.74528503464987
1124,113.05141348917485
1125,94.06926758118666
1126,111.43745322306157
1134,112.03709311563969
1137,93.45412047754024
1138,112.40331168253422
1144,111.50420279581547
1145,94.83273315476706
1146,93.96640442833532
1148,96.33693360314001
1150,98.93625640916159
1152,104.00793305823822
1153,94.0285076998197
1154,104.80611100647769
1155,94.3664855961733
1157,93.95114563927282
1162,94.64830017136862
1165,112.11220450479985
1166,93.60122345909704
1167,103.82909291573588
1168,94.64529898398996
1169,102.92212587271021
1171,116.48246572307318
1172,94.91258993269048
1173,102.92212587271021
1174,94.08364136048354
1176,94.7764864229548
1177,103.46150878479904
1178,93.95569213281368
1182,112.276427222085
1186,94.66190817588449
1187,114.20946402628422
1188,93.55503113099135
1189,116.22324941447943
1191,107.54440693043983
1192,94.58820343064596
1197,111.74582572062016
1198,93.93389892625143
1200,78.87555806341348
1201,94.64324951218893
1203,94.89363577598215
1209,115.92762563518255
1214,104.58939090394469
1218,111.93466986751474
1222,94.65403015442885
1226,95.11990630561601
1228,94.2263717656069
1230,93.4776995880226
1232,79.06981054205801
1233,95.05597686814596
1236,112.92318135269366
1238,94.20242737755407
1241,111.48058981974125
1244,104.14311162215847
1246,94.61038238831557
1247,113.09499259073735
1250,113.2584515211878
1251,94.18048095750143
1254,111.98801926722012
1255,94.41814087853064
1256,110.92011212689627
1257,94.17043335267104
1258,93.8845599395851
1259,111.43592734415532
1260,94.68676025696791
1263,111.53126425821782
1267,79.1621155665359
1268,112.21741385538579
1271,94.58820343064596
1272,111.15852255899907
1274,104.19833460549859
1275,94.63604736375143
1276,111.28793997843266
1277,93.95740174278845
1279,93.96640442833532
1281,95.25773407872262
1282,93.56201965638198
1283,112.2316503055811
1285,112.13982291300297
1286,93.98715240784682
1289,112.26222891886235
1296,112.82447714884282
1299,94.30688476609518
1301,94.03299713181784
1306,93.82439087853064
1307,94.65765746484493
1308,93.85611390099157
1313,111.28793997843266
1314,94.74409515687026
1315,111.9401463993311
1316,94.28549225159682
1317,111.15815634806157
1319,93.74794037171401
1323,94.43804648154855
1324,106.86902540485005
1325,94.11632966026892
1328,104.22322564479154
1329,94.51180746787668
1330,112.5916356571436
1331,104.61055420860876
1332,104.60365734415677
1337,95.97398804649939
1338,111.90589804728032
1339,92.94197510704626
1340,111.74948782999516
1343,113.52673081507169
1347,107.84821143295812
1348,93.83783721970846
1349,106.4025921229364
1352,93.99463318810095
1354,95.06723621714028
1359,112.12847037394047
1360,94.41392233604074
1363,111.22051901896
1364,94.82073993702252
1365,103.88801471825323
1366,94.57740020798971
1372,94.48299438782729
1375,104.07937214019697
1376,94.29262207970251
1378,93.35081147179235
1379,113.42594315708533
1380,94.60605003050745
1381,103.05039888296412
1384,110.2862695389833
1387,94.24658203172018
1388,111.93571372110844
1392,79.35221398975588
1394,104.1485507367183
1395,94.14705323204626
1396,111.43910880167485
1398,93.77937745079626
1399,111.43910880167485
1400,94.1465228302101
1401,94.32515747376479
1403,95.88746308312048
1404,112.41027983632196
1406,111.43910880167485
1407,94.44896698045065
1408,111.56632132608891
1410,79.21076577948537
1412,111.48001761515141
1413,94.15171081849135
1415,94.8126605255226
1420,111.56632132608891
1422,111.9428867254249
1423,108.91260972206774
1424,111.56632132608891
1425,94.3590658510754
1426,79.21076577948537
1427,94.90447714561105
1429,93.83383606896032
1430,112.48889823038579
1431,95.06215504038246
1432,104.96900896510294
1434,112.59783750751592
1437,94.48569488572409
1438,104.57390763813976
1440,114.82398886759282
1441,112.69318289835454
1442,93.87289031396602
1444,112.17633719522954
1445,94.82325012513198
1446,103.97458901752739
1448,93.87340545701315
1453,94.20955688782729
1454,111.4739598758936
1455,94.58820343064596
1456,113.11539624408758
1458,111.4739598758936
1459,94.0078778170072
1461,93.48291443810095
1465,94.24658203172018
1466,112.3311376102686
1469,94.44912436240793
1472,94.20955688782729
1474,94.95167969689001
1477,112.28013403935913
1479,111.3968189718911
1482,94.645465692384
1483,79.08885391135968
1487,94.44339531271473
1488,114.15427298624516
1490,113.02086539347172
1492,112.08906171911295
1494,116.67877767375677
1496,103.63716769577258
1497,95.43436736777778
1499,94.79005087911031
1502,94.00215577110876
1507,112.52793374307865
1508,93.99463318810095
1509,111.53266034152
1511,94.03809387513198
1512,111.44715018351079
1513,115.04592615711536
1514,107.69533421149453
1518,111.84494681437016
1519,93.5630535982572
1522,112.5549230778478
1524,78.89451804829358
1527,93.87924559961056
1529,90.260642217265
1532,103.85131734200542
1536,113.73084921915532
1537,115.91002462199896
1539,105.1874684796037
1542,112.60390372354985
1543,94.29568146690954
1544,107.26291018444385
1545,82.27725737982206
1550,94.2936215303861
1551,112.11628623087407
1554,107.29979036314347
1556,104.0956841763788
1559,94.17380554505385
1560,79.20328605426772
1562,94.48272818953708
1566,93.67368744835485
1567,111.64623160440922
1569,106.16725086307758
1570,112.66086268912696
1571,112.19531156661733
1574,93.99616669640173
1578,104.20108285297661
1580,94.21651886925329
1583,112.84590048868657
1584,93.99616669640173
1585,111.9053563602686
1586,94.39941437073745
1587,111.9049901493311
1588,93.39601563439001
1590,115.11177846261424
1592,103.4325540870409
1596,112.24930924080255
1598,111.72061057169438
1599,94.42594146775534
1604,114.72425075215182
1606,103.27653804196038
1607,94.15171081849135
1608,103.73189077305705
1609,116.85277364543646
1611,94.74569578903373
1613,94.65655791694414
1616,94.73433675886236
1619,112.70538992960454
1620,94.04575013146032
1621,111.67458243448735
1622,96.39279937791159
1625,111.67302862370568
1627,116.85277364543646
1629,113.17381949503422
1634,94.73413504659078
1636,94.16929229150509
1638,106.71226894876332
1639,94.4962948554207
1641,95.09740164512277
1643,94.13699769005407
1644,104.27576447563644
1645,116.44765279582708
1646,94.35535096153845
1647,107.84428906919283
1648,95.41590660421863
1652,94.20918702110876
1653,114.39060874063969
1656,98.63857697472204
1658,94.42594146775534
1659,111.77605338175297
1661,93.63184784874548
1663,94.15171081849135
1664,112.38970829130878
1665,94.58820343064596
1666,104.00807583897645
1667,103.71721750725484
1668,78.95350418684689
1669,103.66683051249765
1670,94.15481995567907
1672,111.88732810099125
1674,112.34422202188969
1677,114.15571494181157
1678,93.63524627732565
1679,112.33841605265141
1680,94.4527972442726
1683,104.02298963079724
1686,103.0499861470951
1687,111.95906867122568
1689,112.40349478800297
1690,94.00883849511837
1691,115.82246969035833
1692,111.97854514200688
1693,93.99616669640173
1695,93.53866577195456
1696,94.20955688782729
1697,111.86527915079594
1700,104.00807583897645
1701,94.19981926291004
1702,111.58862204630375
1703,90.9075241093569
1704,112.56568723896123
1706,94.49199667097173
1707,113.89024426434969
1708,94.94366934531809
1710,94.8853114992275
1711,103.34200587643303
1713,104.4051030583982
1717,103.67137702405262
1719,104.20108285297661
1720,94.05409240769674
1722,94.13914855371212
1725,103.81951699387884
1726,95.04276755088449
1727,103.70335370724897
1729,111.97411246378422
1730,93.78577088341345
1731,112.19390006144047
1733,104.00807583897645
1734,94.29274352441524
1735,111.95994605159677
1738,94.65655791694414
1742,93.97357350183836
1745,112.35057730753422
1747,94.34648674337879
1749,94.38960684834859
1751,94.85532523802698
1752,78.80190121555239
1753,103.33932157258505
1754,94.62088775681784
1755,94.09020661339392
1756,103.78478718761454
1758,112.96343131144047
1759,94.58820343064596
1760,103.91463414308828
1761,112.40363211710454
1762,93.78939056443502
1763,111.74396414835454
1764,94.13685056324906
1766,94.14424612754465
1768,94.44284485802282
1769,79.184729968579
1771,111.58341879923344
1772,94.00004577683737
1773,104.24119959260699
1774,95.47892662325825
1775,114.75018973429204
1777,111.94641776163579
1779,94.58479309129049
1780,106.62693262831246
1787,90.97347259568502
1788,93.86831330284704
1790,94.98539878539026
1796,112.08495993692875
1801,93.44498108849157
1803,94.59665459005848
1807,112.18962760050297
1809,114.66684622843266
1812,94.04237365769674
1813,112.88629573264063
1814,95.00733550439571
1815,113.55534967782938
1816,94.7252810699562
1818,93.53540039109518
1820,93.79698609337439
1821,112.83582840205159
1822,94.52188538536657
1825,93.95860718712439
1826,103.50639965640102
1828,94.55181266478479
1831,103.79292237076845
1836,111.45729756706478
1837,94.22081787415541
1841,94.94246338829626
1844,103.21270444036861
1848,94.20617675828268
1851,105.12478537413494
1852,94.62015533494284
1853,93.58473205613424
1854,112.17736716349125
1856,93.99040149925412
1859,114.68930716593266
1860,95.10455101339832
1861,79.34467437921029
1863,105.12453179068478
1865,94.48875792871212
1866,103.9382796988439
1867,94.19557618126501
1868,91.04449462937643
1872,94.55632812806166
1879,94.9873580937319
1880,103.51670611166458
1882,94.32414245652487
1885,104.0195869208363
1887,103.83615701837545
1888,94.3253707890444
1890,114.46710935025698
1894,94.6709774726082
1895,103.15861049069085
1896,95.9314095211968
1897,113.05539278564967
1900,112.07140250284672
1901,94.17040283509291
1902,112.98395438272954
1905,93.73433350548376
1906,111.49571127970219
1912,103.93501130530854
1915,94.79901665060535
1916,103.60336380721108
1917,94.49002554648996
1918,104.00179961736464
1920,79.06820069780227
1923,93.90797424363424
1924,109.04489969012985
1925,95.00421287230432
1930,116.84642598918646
1932,111.42874045450688
1933,94.21463440880407
1934,112.38951773722172
1935,94.1171267730812
1940,79.22534895207176
1941,94.16814850792517
1942,112.41538901407719
1943,93.94492005333532
1944,93.52575348839392
1945,112.56857475986251
1948,115.94231221965521
1949,93.84078247376479
1952,98.42408180997273
1954,93.99616669640173
1955,111.593321753335
1958,94.81187867149939
1959,80.17480374600245
1960,111.7405614383936
1963,94.51526307091345
1965,94.06163453087439
1968,104.31009010371008
1969,94.81197376270612
1971,94.32011841759314
1972,111.83952994425297
1973,94.14255523728659
1975,93.88562439903845
1977,94.95121795960463
1978,94.14265107140173
1979,111.84335227091313
1981,93.97903107628454
1982,112.42987723429204
1987,112.04961295206547
1988,93.63551758751501
1993,95.0304608248197
1997,93.89590119347204
1999,94.78914024046838
2001,94.66247832710039
2002,112.82754287959065
2003,93.82629822716345
2004,79.16863490161228
2006,113.72012991983891
2007,94.15183311200119
2009,104.32769523723911
2010,94.06022246728634
2013,98.85952698103975
2018,79.56807618482352
2022,103.9143079069994
2024,113.38864035685063
2025,94.82476074524916
2026,104.69130155978081
2030,104.31114708050083
2031,94.54887818321814
2032,103.94957581946869
2033,94.96218253783167
2035,93.5037274263822
2036,112.77680106241704
2037,93.27663086876501
2040,94.65566527778398
2043,115.37292554686061
2044,103.96437528064908
2046,104.42011102799424
2054,111.76648584312909
2055,94.58823060021032
2056,106.63877344862496
2059,93.73228454636862
2060,94.17040283509291
2062,91.0772137545072
2063,112.33404588249044
2066,94.6709774726082
2067,112.04239691829599
2072,95.85988282189001
2073,112.23839469034672
2074,96.33331596336873
2075,114.07861460131434
2076,94.35578155564596
2080,94.76184845017721
2082,94.17040283509291
2085,112.2832768355795
2087,112.28394980509282
2091,112.7416881365379
2092,95.06829499230017
2093,106.63877344862496
2098,94.74655751954725
2101,112.18466086466313
2102,93.54916381882956
2103,79.23036909367332
2105,103.94603879308218
2106,94.48475647019674
2107,112.8922719486475
2110,94.60123443650534
2114,94.65507538147963
2115,112.56175894815922
2117,80.94679073886982
2118,93.94318420716323
2119,103.58013522966536
2120,94.52785636595667
2122,91.24559021043112
2123,111.7652196415186
2126,94.2681088350736
2127,104.71786827299357
2128,94.48350190147985
2129,111.98162409548243
2132,96.28369842879366
2135,104.18276918611926
2138,94.49353455528845
2139,116.86036489299505
2141,110.66343101697117
2142,93.84160644837416
2146,94.54503662415541
2151,112.6353368290186
2157,103.76063871689914
2159,113.51231284220219
2162,94.47264099168112
2164,115.93510244182318
2167,92.51033783006002
2168,111.89551444132329
2171,94.5892758272611
2173,94.26040314659704
2174,104.17345410499459
2175,94.1212811373197
2178,94.5195846562319
2180,94.9529763512663
2185,112.22255606729985
2189,97.38117807696526
2190,111.99395789241709
2192,103.23596536215044
2194,112.34264704681635
2200,111.70267854376979
2201,94.39078186974157
2203,111.961974097085
2204,93.8723568819486
2205,111.68467612345219
2209,112.78148015858702
2213,103.14945902030433
2214,93.90831421837439
2215,113.87881369669438
2216,94.36794709190954
2218,94.14331054734518
2219,105.23475268535387
2220,94.39239218467355
2222,93.98621033653845
2223,111.9818944462061
2225,112.41554160196782
2226,94.34946044336056
2230,94.35980224656393
2233,112.13798560237802
2234,112.50737662394047
2235,93.8723568819486
2236,79.07379097726789
2237,94.23440491072725
2240,117.50653567683364
2241,94.49974853821791
2248,103.74931275924217
2249,94.74375183411635
2250,111.89478201944829
2252,112.00199027140141
2253,94.40845917687048
2254,111.85720725138188
2256,79.396064207633
2258,93.97508239793112
2259,111.92314810831547
2262,95.04359829950849
2265,94.41943359422018
2266,104.6045187389521
2269,93.37744568810095
2271,94.7215776705134
2273,93.73624420213034
2274,112.34415561078592
2275,94.3695721529447
2277,94.56460999474157
2279,93.8723568819486
2280,78.86948432855243
2282,94.9529763512663
2283,102.99325629864168
2288,93.55405091271032
2289,112.1005030877634
2291,94.71291495970667
2292,116.21961782268255
2297,94.52398826292932
2298,103.90362705586827
2299,94.54419373497595
2300,112.66291709024907
2301,93.77735168763198
2304,94.53114747032751
2305,105.63572136397968
2306,94.99348080683271
2308,94.31808471726706
2309,111.99320120890141
2311,94.60883759483923
2312,103.66003864057788
2316,103.31344141550275
2321,103.2926818407885
2322,112.03129477579594
2325,104.16893994530645
2326,94.86112152449678
2329,116.24165914348333
2330,94.52341889366735
2331,103.40900568123746
2332,111.85798682308115
2333,94.99348080683271
2334,103.43872911926186
2335,110.99414014203299
2337,111.89484305460454
2338,94.26165436730017
2340,111.85798682308115
2342,109.12758301720251
2345,94.80495452927877
2349,95.21944092735876
2351,79.16436781374958
2352,94.46654655150354
2354,111.44922537882329
2355,115.03207928522875
2357,112.41554160196782
2358,97.92301940964987
2360,94.16060303673376
2361,111.44922537882329
2364,93.90878661523556
2366,96.05427541853032
2369,104.18879751670156
2370,94.42580444642104
2371,112.15729559993662
2373,116.55422741738334
2374,93.60651235353163
2376,111.81787009317875
2378,111.5046359254518
2382,94.70443442100168
2383,93.59572601365377
2386,103.5771369553313
2387,94.85575522481344
2389,95.6807293795072
2390,112.52047028171091
2392,94.18278931603064
2398,111.83467902278818
2399,94.39273550742746
2400,95.99304627403845
2401,112.98680014688969
2402,94.71514892625143
2404,95.07804473291134
2407,113.24230638993959
2408,112.69141718630274
2409,112.25466818888188
2412,79.13858644502847
2413,94.92289450400949
2415,94.34392975792517
2420,111.19998194198371
2422,94.22230529832174
2423,103.02868424262738
2426,94.54339435923012
2432,95.60689209923376
2434,94.03590821251501
2435,102.82879303917517
2436,112.71839041788579
2438,111.87030057477082
2440,112.51819510538579
2443,95.60033844933142
2444,94.46728881250118
2447,103.67793977340233
2450,94.391803583009
2454,93.95227478966345
2455,111.97991080362797
2459,94.99348080683271
2460,111.05417200808009
2463,93.94354248093893
2465,94.68941863427852
2468,79.16068643378225
2469,93.82704590782751
2474,93.25304078087439
2478,94.02156097718276
2480,93.88840087304806
2481,114.01637759577895
2489,94.90285122919599
2490,104.28432312640746
2492,94.17479736634291
2496,94.99348080683271
2497,112.92829013945331
2500,94.57527305296838
2505,95.0191613488249
2507,93.37237214073767
2508,111.67111105997563
2509,94.63720084837854
2510,79.88331392784858
2513,93.83923768028845
2515,94.90285122919599
2518,93.59572601365377
2519,111.09738963162235
2520,93.59572601365377
2521,112.53740592081547
2523,112.10272879679204
2525,94.75936554894079
2529,111.76438040812016
2530,93.87401246056189
2533,112.0612652941648
2535,93.46435546922018
2538,103.46899985707358
2544,111.6439401643365
2553,112.92697806437016
2556,93.61936218567885
2558,90.91919739075698
2559,115.28390371726647
2560,94.04379700646032
2561,112.21826071817875
2562,94.5642770420749
2563,113.79010904676656
2564,93.7577557466947
2565,112.15407599544443
2567,104.29967406747633
2572,94.09034394249548
2575,95.01867820433557
2576,112.66247465255483
2577,93.80482911095251
2578,94.43754577683737
2579,112.6047277653478
2580,93.81041382774939
2582,112.76523490030766
2583,94.18542480515768
2587,94.45923279747595
2589,112.13913626749516
2590,94.45224824336435
2591,111.76438040812016
2594,93.95280730659258
2597,94.56638336228659
2598,104.14605653963488
2599,94.64173157044448
2600,103.6469212803359
2602,112.1717489465446
2603,94.09034394249548
2604,103.4962769744848
2606,113.64142508585454
2607,78.73159100355892
2608,95.1396908663236
2613,111.61835379679204
2614,95.94378662156393
2615,112.1612157352686
2617,113.12316031534672
2620,94.13893127488424
2623,112.65379996378422
2624,94.64076263733901
2627,111.61835379679204
2629,78.73159100355892
2630,97.89063691124548
2632,94.32882976707714
2636,94.33302672754024
2639,95.09439515099157
2640,104.66024569667644
2642,111.76438040812016
2644,104.16107881746692
2646,112.78521837770353
2647,94.3536761505226
2649,95.05522155808737
2650,106.7509185330195
2652,103.92699826329286
2653,102.78532966077137
2655,108.49391555996272
2657,111.8301929388038
2659,111.36764426310063
2662,93.61608123826315
2663,113.95053592097426
2664,94.58422119446791
2665,103.71433520912154
2670,94.05950927781393
2671,104.27402773894923
2672,95.23685760215278
2675,103.92013943760927
2677,112.139708472085
2679,113.10790915567875
2683,112.54237265665532
2684,94.70525390931166
2685,94.00445556687643
2688,103.64745015091862
2689,94.42436362914026
2690,103.92117847788646
2693,94.86864348190483
2694,111.75302786905766
2697,97.94481512416561
2699,94.91063469259754
2703,98.48672759467851
2705,103.70195368864503
2709,79.71331822514205
2710,94.35622071251501
2711,112.76828665812016
2712,94.65868743310665
2713,98.24653065775013
2714,113.03508658487797
2715,95.30840729698767
2717,93.80669068321814
2718,108.94342960357056
2720,111.92304652609766
2721,94.59517669724752
2726,94.2588173708202
2728,93.85401581749548
2731,103.16925902536016
2732,111.43110556681157
2734,94.67799377488424
2736,103.93201077549989
2737,94.31587219285299
2738,103.32868495358147
2739,113.91673178751469
2746,93.9784359835111
2749,103.29130413649798
2751,117.2724361210224
2752,104.0059618473258
2753,94.19289763818477
2757,104.29367676410277
2758,95.10264088914604
2759,112.93746848185063
2760,98.21066284226706
2762,111.75549979288579
2764,94.46835043662668
2765,111.34465103566046
2769,114.82204337198735
2771,113.29109091837407
2774,95.68125183411635
2776,94.01444610009884
2777,115.9289056436466
2778,94.09409363099135
2779,112.76304526407719
2782,93.77440245996212
2784,94.36187744187643
2787,94.21876954064001
2789,94.23697327599157
2792,93.89868592247595
2798,94.84920532532729
2799,103.68500817597234
2800,95.06707763718893
2801,80.0304692020483
2802,95.82138823238975
2804,94.07443237351706
2807,103.8140095913001
2808,94.09104187317885
2809,113.41975116583069
2811,114.39629856247996
2812,94.48741912888815
2814,93.65298127159704
2816,94.35895538377096
2817,112.62632651407719
2818,112.42676111940821
2820,112.4640721805811
2821,79.43271803895024
2822,94.42890983319259
2823,103.99343856558332
2824,94.35722351121237
2826,96.45381927537252
2829,93.99204284974135
2834,93.84962891564001
2835,79.02054703067111
2838,94.6127362154447
2839,112.04140372354985
2840,93.27382659959127
2841,111.61142630655766
2842,94.96558011103193
2846,112.99478655045516
2848,94.8410735290426
2849,93.58156250939001
2850,113.03508658487797
2851,94.46412658738424
2853,94.11269683555122
2854,111.77181906778813
2858,113.78678848778682
2861,94.37211132225292
2864,94.09689361878432
2865,113.96284213435317
2866,112.17717642862797
2867,93.58787201866735
2868,112.82816221358999
2870,111.86975760538579
2877,95.33567109492685
2878,111.59781546671391
2880,111.87252707560063
2882,79.02512318121305
2883,94.79543723164937
2884,103.07295793065879
2885,95.27147339806189
2887,94.94404995966474
2888,115.43425221430468
2889,94.55740784630407
2890,103.94775331697863
2891,94.9164471529447
2892,116.03651235393255
2893,94.79110320459102
2898,115.04599661905766
2899,94.34555053757956
2900,114.37071890909672
2901,100.16923521725303
2909,94.60006858519495
2910,112.65351004679204
2911,112.28330893595219
2913,113.01988883097172
2914,94.98577994734958
2918,94.12914276170065
2919,111.98840994913579
2920,94.15099700341915
2921,111.58585257608891
2922,94.21918364303764
2923,103.64070541247708
2925,113.34638597720038
2926,93.72252320274939
2927,111.7619237430811
2929,111.74269003946782
2933,94.6167782538582
2934,111.72099967081547
2936,112.81979361313893
2941,104.27921899549764
2942,94.23931550011267
2943,111.98383456586404
2945,104.4662922654849
2950,91.29191954980587
2951,112.3067235477686
2953,113.68549777974431
2954,94.64928864464392
2955,103.78563986002925
2956,95.21588888288579
2960,94.76158621543527
2962,94.1143002413236
2963,106.35815430862698
2964,103.69522847343728
2966,78.94694693350846
2967,94.64406616517104
2968,112.41064268329717
2969,93.88921021446814
2971,93.26019287156393
2972,94.52398826292932
2974,94.44951294884314
2975,112.77286429483891
2977,116.62486837199896
2980,112.88483244159795
2981,93.94520599671401
2983,94.8679748338682
2984,104.25718379755443
2985,116.27058980754583
2986,104.69665561450046
2987,94.52398826292932
2989,94.69533569642104
2990,112.30905820968374
2991,95.035487678393
2992,79.15157643464346
2995,98.08419653285702
2996,103.79558565570551
3002,113.77558798868657
3004,114.75155546310171
3005,116.2896251469013
3006,95.00367453330637
3010,94.51450338483892
3011,103.90998436930454
3014,93.71310852989782
3015,94.38979767784704
3016,94.45786285447409
3017,112.33619988850523
3018,93.46968506798376
3021,103.06740870846428
3024,104.07710207186145
3028,94.58797883019079
3030,94.09409363099135
3032,94.46517944382956
3039,95.90411154756399
3040,104.78639149695914
3041,99.35897458124677
3043,94.58357666721179
3044,111.63198752481938
3046,112.02924246866704
3055,93.5613098149233
3056,112.76012320597172
3058,93.74682617234518
3059,111.39006566339577
3061,116.12994954875677
3063,105.0510259311626
3066,94.32287628479995
3067,104.07710207186145
3068,79.08147986197525
3069,94.59063720750143
3072,114.2674762358198
3073,112.15525717813969
3074,93.78131156659103
3077,93.59365112610854
3082,98.70976562217231
3084,98.06288000453671
3085,112.97502799112797
3088,104.09583223543567
3091,93.33586548790564
3092,112.60371319391726
3093,94.4632659118551
3094,103.16925902536016
3096,112.37702841837407
3097,93.75532196983923
3098,79.10141883072697
3102,114.26066309559192
3106,94.2522357208351
3109,94.26099669868242
3111,95.14089202927877
3112,116.27821920207708
3113,94.57141876267721
3115,95.26343201622595
3116,112.31422324259282
3117,94.26000641808142
3121,112.4463719852686
3122,93.86618804978659
3123,94.52665092162073
3124,103.89550725099843
3125,94.45786285447409
3126,102.92454060305101
3127,115.83441732219427
3129,94.58232482324337
3130,113.25710959513188
3132,103.68162751654359
3134,104.00658544507334
3135,94.81678608286293
3137,79.52865779047946
3138,99.91259827998545
3140,95.97498686183542
3144,113.2149266727686
3145,94.2752739748241
3146,112.1776952274561
3147,96.35494352024159
3148,104.37862754597612
3149,105.13573439510856
3150,112.72685911300405
3151,94.34574066512178
3152,94.98598785117622
3155,95.55120533900876
3156,113.03195853312016
3159,93.74152802452673
3161,95.26595451048792
3162,104.02727052523937
3163,95.15291251241109
3165,103.05020442379632
3172,91.15430450486471
3173,111.87456412394047
3176,96.52052735314001
3177,103.96998461076458
3179,112.77286429483891
3183,94.1988949678861
3186,94.53708793333948
3187,104.22819942943559
3189,112.06578726847172
3190,97.5809860234194
3192,115.8279781132099
3193,91.15430450486471
3194,114.82451529581547
3197,94.56047058152487
3198,94.44847472558712
3200,94.16098816224135
3201,115.02933309367864
3202,94.44847472558712
3204,94.95564663935224
3205,94.57957886681189
3206,112.7749852665186
3208,103.6170661693979
3210,103.35053578835667
3211,94.1492352388822
3212,116.11319539836614
3213,94.48112427107881
3214,112.17831320841313
3216,103.95476473055285
3219,93.77633697815932
3220,109.71816659214716
3221,94.57141876267721
3226,106.83865845543033
3227,94.58599998167932
3228,111.45997509982078
3229,94.66132385560073
3232,79.27869367863426
3233,94.67446615928293
3234,93.54057740196814
3236,94.28715808472262
3238,111.99464316446782
3239,112.14034934122563
3240,93.71324585899939
3247,111.2348012455225
3249,103.38412269055652
3252,114.52865656054254
3253,94.89180023499526
3254,104.39570651815023
3255,93.81946228966345
3256,113.43359853785654
3257,94.7512591583351
3262,95.3706359867983
3263,103.70120228935525
3264,95.21588888288579
3266,112.43275426918942
3267,95.1152728302101
3269,94.7089276216947
3272,116.22998616985052
3274,94.56047058152487
3275,104.523730149448
3277,94.52054261192907
3279,99.27137412129781
3280,103.90164857736042
3283,94.24326162110975
3285,94.94404995966474
3287,93.27251373641084
3288,104.07710207186145
3290,104.35406524754401
3291,94.23440491072725
3298,111.5641469486475
3299,94.00355560608901
3302,112.17611501188605
3303,94.28344016766525
3304,104.11425692186839
3307,95.71196412071814
3309,94.79995025061729
3314,79.41613955983846
3316,112.33942836203516
3317,93.8705181032314
3319,94.40334350892104
3320,112.54958243448735
3321,95.14732902853504
3322,105.95892901418577
3324,93.4304852388822
3326,95.16103028282751
3329,112.2843846805811
3330,93.75391053185095
3331,113.46422476847172
3335,116.07437703899114
3337,94.45949157129024
3338,104.26604693079267
3339,94.32042359337439
3340,112.60159201700688
3341,94.38190460252096
3343,95.72068906467518
3346,93.34973144578268
3348,94.58470633262277
3351,104.07710207186145
3352,116.13860128215521
3355,90.82096862839987
3356,113.44839069205568
3358,103.77497293079301
3359,94.67818450974752
3360,112.15064662375391
3371,113.62970640304312
3372,95.01757477745642
3374,95.00568045674703
3377,112.57862595667325
3378,93.6022381685697
3380,104.10039888888747
3382,96.26403953246057
3386,94.4303320253918
3389,112.42434592325688
3391,103.05095287677102
3393,96.74602570918466
3394,103.80204813217472
3395,94.48801901572824
3397,111.58161826212407
3398,94.85884847761236
3399,79.62072312747031
3400,95.08653403929651
3404,103.06156353763117
3407,112.69236655313969
3409,104.96707333233118
3419,94.55273865685095
3421,94.43046998009314
3425,98.95557280319389
3427,79.67430438045923
3428,116.3293208866474
3429,111.93060965616704
3431,94.16518402146627
3435,93.78395843552877
3436,112.43100638468266
3439,96.41917846347755
3441,93.74328613328268
3442,116.3293208866474
3443,95.36742401170065
3444,103.3848648104861
3445,94.03407715782751
3446,112.10065103703556
3449,93.99650604554213
3453,93.94228791222204
3457,94.29049956733476
3460,103.87583987260763
3461,95.20117981263198
3462,94.99433929749526
3464,105.0510259311626
3465,79.07798178458268
3466,94.94576408080042
3467,103.8644631623504
3468,94.6433044459294
3469,105.27652861062904
3470,103.19403070259719
3472,111.76040549356938
3473,91.63010071739782
3475,93.67350769089987
3476,111.96427817423344
3478,103.92230034771171
3479,94.8725164895782
3483,94.04134034142126
3484,103.42854091308593
3485,94.21358206504465
3487,93.55435608849157
3488,111.67200369913579
3496,112.68698782999516
3497,94.06323670372595
3499,95.10463550913246
3500,78.92239081977274
3501,95.00467826537073
3504,94.13125266133687
3508,106.33156268819914
3511,94.13985108360876
3512,112.13946433146
3515,93.63955719300307
3517,94.06613587364782
3518,103.99415148849866
3526,113.28153891642094
3528,119.60163616111001
3529,93.81683349656393
3530,112.69270224649907
3531,94.37559051230903
3532,111.53508386903846
3533,94.37084991761245
3534,94.52286194786657
3535,78.67205517656518
3536,94.75141143845846
3537,111.77276511271
3538,94.34045838341345
3539,111.69372889284571
3540,104.78732940666364
3545,112.07050223429204
3546,94.06603669151892
3550,105.21860079142232
3551,95.78596801475044
3553,95.13689542453847
3554,103.83999933522853
3557,94.23440491072725
3558,112.09492392618657
3559,93.99650604554213
3561,94.41078888289522
3562,111.6419286258936
3563,94.12027885130823
3564,104.08794344149035
3565,94.03407715782751
3567,94.29979736634291
3571,104.08794344149035
3572,94.52513916321791
3574,94.75386699219408
3576,94.23157532044448
3577,112.53125662882329
3578,95.36270683615223
3579,94.22226745911635
3583,93.82531738328268
3585,94.7316985290426
3586,103.23618167819919
3587,111.7328481205225
3593,94.46856689500143
3594,116.96465654407618
3595,95.90811697969289
3599,94.41856749902462
3600,103.71357256010302
3601,111.76040549356938
3602,93.99650604554213
3604,95.05752105430122
3609,115.07396505168646
3610,111.80692896249735
3612,111.33077902872563
3614,114.86830039103032
3615,94.4270672701322
3617,99.54499472676656
3618,112.72521872599125
3619,112.33557791788579
3620,112.0316991337061
3621,94.47548706360854
3625,94.25750732468893
3626,103.19603365487961
3630,103.1458927303145
3631,94.67067718552877
3632,105.21856393620837
3633,94.34263266621969
3634,112.75438590128422
3637,94.97854919150825
3639,94.45059234925307
3640,113.88840384562016
3641,94.51762390183737
3644,113.71168872672365
3645,93.81164550828268
3646,94.31226777062048
3647,93.30066346153845
3648,111.6237172611475
3653,112.4413671024561
3654,96.40481995567907
3655,112.15203672626592
3659,102.81689276354942
3660,94.97239715882338
3662,111.88689322550297
3666,94.39882325157751
3668,94.60340057489665
3671,94.22396850632956
3673,94.3313641451322
3674,113.63889212687016
3675,94.4380187992983
3681,93.70125307406155
3682,112.18631651046499
3686,112.18261618692875
3687,93.37078522667517
3692,80.38696590163156
3695,112.102110815835
3696,94.39014434861471
3699,111.97867484171391
3705,113.82598038898831
3707,79.13634825016746
3708,94.89312125853479
3709,112.2373876102686
3710,94.29417419480612
3712,94.02776001915564
3715,111.81455130655766
3716,94.13930176720251
3720,112.37715048868657
3722,79.13634825016746
3726,94.7139128697022
3728,94.09309815392126
3729,113.46348035756532
3731,103.34040943026147
3735,112.40524417279764
3736,93.88853882774939
3739,103.03162541912073
3741,112.17846579630375
3743,103.54431483677513
3744,94.90034629515588
3745,111.8350438602686
3746,93.99998902306189
3751,94.67800140427877
3753,94.79662323045065
3760,112.02262778360844
3761,95.33158874558737
3762,112.25034995157719
3763,94.51013214417495
3765,94.22466706261267
3768,112.95277304728032
3769,94.18647796937026
3770,104.79631396508324
3773,112.13700526633204
3774,95.20653524519048
3776,94.91035126671423
3778,94.46423370667495
3779,112.27216239054204
3780,94.4752850435697
3781,113.58200736124516
3782,94.45735962220229
3783,111.92628378946782
3784,94.20827484177877
3786,94.8275374424561
3789,111.60338997325113
3790,94.66417359337439
3793,111.90277762491704
3795,111.84352774698735
3797,96.56300078710723
3798,116.35590169719427
3800,112.43100638468266
3804,95.28577413679204
3810,94.50670614362798
3815,114.28581900675297
3816,95.28577413679204
3818,102.93904032199498
3824,111.76040549356938
3828,104.81743217906458
3830,111.79931540567875
3831,95.79639853536031
3832,78.67529967514648
3834,112.84130766036733
3835,94.13367492981948
3836,113.0642919071436
3838,94.76009643012773
3839,116.10857198528021
3840,113.0429067142725
3845,94.4704974395851
3846,111.38256735880375
3847,94.06919526085485
3849,79.11777239938897
3853,111.87346549112797
3855,106.14398091955383
3856,95.02053100892104
3864,84.56185740396543
3865,94.44179313986317
3866,113.58195395548344
3867,93.86625244890081
3868,112.43100638468266
3869,94.64223511048354
3871,93.72116088914206
3875,103.44586876047009
3876,94.2271121246437
3878,94.0516970855812
3879,111.91995139200688
3881,112.43100638468266
3883,113.10653811811014
3884,93.74523588882019
3886,111.96884055216313
3890,96.1824852658257
3893,111.65647025187016
3897,105.96155542220572
3901,93.98074371644057
3902,112.72318167765141
3913,113.39559678186856
3914,93.74529297181166
3916,91.45027588829626
3917,111.30622763712407
3924,105.00055622837789
3925,95.19226379111763
3928,95.01545097044885
3929,112.00722403604985
3932,94.88321351036657
3933,103.93668665212306
3934,79.77223302809563
3935,94.11476228404177
3936,94.69273376511862
3937,111.39549918253422
3938,94.02127503380407
3939,112.90561575968266
3943,93.00182770714392
3944,111.79096121866704
3945,111.61169333536625
3946,94.69203187676595
3947,112.61172385294438
3948,94.41647369690932
3949,112.03783316690922
3950,94.54248046922018
3951,111.82896323282719
3952,95.09213287659682
3953,112.23856253702641
3961,117.27413406018479
3962,94.50095398255385
3966,94.5871887211733
3967,103.23734261181801
3968,94.7156081359762
3969,112.05832572062016
3970,94.88168814414621
3971,104.04104435161352
3973,93.79542541550924
3974,112.00642294962407
3975,113.10043234903813
3977,144.08510376866403
3979,113.31818968036748
3985,94.23924255418112
3986,104.22056294311247
3988,112.90804953653813
3991,94.30706787156393
3992,103.68043158303885
3993,94.2714157109194
3994,95.76425599083532
3995,112.72225852091313
4005,112.24801450946904
4007,93.98232300110854
4008,103.41980721142738
4009,94.11977165548817
4010,118.15458420862637
4011,79.33459936090685
4012,93.91678284630407
4013,105.28233270850052
4015,112.26955313761235
4016,112.32097525675297
4018,112.75282187540532
4025,94.52011871384909
4026,113.06313223917485
4028,113.1737347243128
4029,95.86152639509282
4031,94.73463868126501
4032,112.38281912882329
4033,94.18082093224157
4034,103.54120686259759
4037,94.92004059543444
4038,103.2830435428437
4039,94.35279846238424
4041,94.8092654449562
4042,113.39662104794053
4043,94.86737854310073
4044,103.9353057317129
4045,93.93542145714392
4046,113.62976737101079
4047,96.89269035666004
4048,103.7634549311843
4049,94.97063171705665
4051,94.63393067345251
4052,111.81903739054204
4058,103.90507807058009
4062,111.2605809696436
4064,114.1472997196436
4067,94.51364929505385
4068,78.89983898629447
4070,94.51068480859493
4072,115.03751180461614
4074,112.47924704630375
4075,95.30424773628008
4076,112.7960036695286
4077,94.9905209444486
4078,113.06960196573735
4080,103.9353057317129
4082,111.92034802462547
4085,94.14560364708532
4086,113.57100584151968
4088,113.06313223917485
4089,95.6791195772611
4092,79.43652040222065
4094,93.9867587355219
4095,112.13651938517094
4096,94.8194781717178
4097,102.75594015870865
4102,94.47473570571472
4105,120.01571203076506
4107,111.54441195844217
4111,94.57666015672018
4112,103.78172084088061
4113,95.25720694297434
4114,111.63816228704587
4115,94.82954834923376
4116,112.01238150675297
4117,93.86627197312643
4118,94.69236023255385
4119,112.16796012003422
4120,97.38150882011135
4122,80.48940030410046
4125,94.8290179473976
4126,113.59860129435063
4129,111.8389501102686
4134,112.59197135050297
4137,94.95736694382956
4141,104.03439415393035
4142,94.9866298586025
4144,94.66710936958086
4145,104.99930500767476
4146,98.75833023444923
4150,93.7168310488293
4151,79.39553103849366
4154,94.51364929505385
4156,94.7950824005226
4157,112.82800086064819
4159,112.32097525675297
4160,95.13416321106948
4161,112.29141135294438
4168,95.23883598654285
4171,103.46173080542198
4172,105.01836095382615
4173,96.09991445661626
4175,94.27676056847204
4176,103.92271723073634
4177,94.66710936958086
4178,103.83025089943976
4179,94.93269776329626
4181,111.84952445108891
4183,95.85580434919439
4184,113.25297446329594
4185,94.03052185997595
4186,112.26521207931265
4188,115.77423542026904
4190,112.61465360763296
4192,93.69121979698767
4193,111.63271994669438
4194,111.81413931925297
4195,95.74795592688682
4196,78.70877591828071
4202,95.31250753522954
4203,104.0830794512575
4208,95.04527701436422
4209,113.97724814493657
4210,100.40324738298284
4211,112.03307242472172
4212,116.4821529178974
4214,103.71407005655115
4215,94.68407440232565
4216,112.37935206179102
4217,93.93622619935073
4219,94.44507254659078
4222,111.4724950321436
4224,83.24319381656557
4231,104.02950821429886
4232,95.86869039655767
4234,93.83144715104925
4236,94.66710936958086
4237,103.87837518972071
4240,94.05628632530798
4242,105.60469800098309
4243,95.0189299743551
4247,94.45575744935073
4248,114.66830314333492
4249,93.98989930537607
4254,103.59189924551333
4263,94.59103393601706
4265,111.60429282267094
4267,112.84999823641056
4268,113.22093863565922
4271,114.36607260782719
4272,94.45483001123165
4273,111.55087943155766
4274,91.53334839173354
4276,94.05897522019674
4278,94.46751403855612
4280,94.55197897077642
4281,112.35072989542485
4283,97.19660186814596
4284,111.79211325724125
4285,94.94244529417932
4286,111.83190463657621
4287,94.25330018028845
4288,113.424360809734
4289,95.02388945911005
4290,79.21238876124929
4293,98.79703540821393
4296,110.69249411657685
4297,94.2618792755226
4299,95.28381960189023
4303,112.3362645633936
4310,94.64421560996652
4312,104.63122841447591
4318,103.87241663259181
4320,112.68318076212407
4322,94.65166901573767
4323,122.87626823402434
4325,103.44332806314367
4326,111.55631156046391
4328,104.56939508252512
4330,103.65123571256157
4332,111.66210074503422
4333,94.86041259812643
4335,94.43952239417197
4336,112.20048185160297
4338,103.74903329319878
4341,94.24300049767126
4342,103.38360973215686
4344,103.89242090505275
4347,98.42320556357856
4348,103.97518457692775
4351,106.43395247325202
4352,94.19179565735854
4353,112.51158804972172
4355,103.51089994078862
4356,94.14870881065954
4359,103.5627281353378
4360,94.76715881653823
4361,93.64251648299287
4364,95.6695980928861
4365,103.70264341203841
4368,94.77325918906809
4372,95.35642021505848
4374,93.62916993126501
4376,94.5105300109762
4377,103.89161368653018
4380,94.69799186400354
4383,104.31034709426396
4384,94.45903015183737
4385,103.61253529426824
4389,94.59073304161657
4391,94.65489196824362
4392,112.00324912149907
4393,93.88924438782729
4395,94.91135071739782
4396,111.64639945108891
4398,112.05622763712407
4399,104.3214453066418
4401,93.79575776085485
4406,97.76526702307822
4408,103.71172253335851
4412,103.99617304128321
4415,93.90268372521032
4418,112.2492055423975
4419,93.62916993126501
4420,79.14094239929096
4422,111.80647177774907
4423,93.62916993126501
4425,94.91530609177877
4428,112.29832963098966
4431,112.60611624796391
4434,94.99046053255765
4436,95.1540023775434
4437,111.35585684854985
4439,116.11796376994818
4440,94.66638214417495
4441,112.8589696415186
4444,94.75792838744104
4445,103.7002708121671
4446,94.11923645958532
4447,112.80838675577641
4452,103.44564960223425
4456,112.50961966593266
4457,94.0788006685697
4458,112.21536908175437
4460,94.16969727501501
4461,116.00517080119818
4462,94.48988373108901
4465,103.22076628904836
4466,103.40177815850114
4468,94.59376181661031
4469,103.87814928213359
4472,112.20853165735684
4475,94.32046936974157
4478,94.39865540489782
4479,112.36157126505375
4480,94.52630889350664
4483,80.37747192609453
4484,94.27615784630407
4485,104.67533445015286
4486,95.05443289512277
4488,94.6998596196108
4489,104.14626325802664
4490,94.74848319701135
4491,109.51998002395806
4492,94.69322998353041
4493,107.35706486923885
4494,93.83717346238424
4495,104.01983845083805
4498,79.65834986811618
4499,95.7355193150147
4500,103.47627097484138
4503,112.12083094992579
4505,103.16916106443898
4506,95.1524154634809
4507,94.60945892381002
4508,103.91343988698634
4510,112.00554556925297
4511,94.08288239464392
4513,95.0639620088923
4516,79.20171110977194
4519,94.59481079407729
4521,94.27153950525633
4531,93.94391662903823
4532,79.1384540291366
4533,94.74396606131424
4534,112.36567503192998
4536,103.91343988698634
4537,94.08481263146032
4539,94.70079834290541
4542,102.9754461444019
4545,93.90794372605612
4549,93.92570923790564
4551,93.78221161194838
4554,102.70158220506084
4556,112.10220999796391
4559,114.06949515421391
4561,112.54724021036625
4562,111.68650717813969
4566,111.26863052880245
4569,94.3004830967624
4570,111.6834325321436
4573,94.59541320847799
4574,103.34415653890872
4575,94.05923890099157
4577,94.54357575401892
4578,111.49271292765141
4580,112.42346854288579
4582,94.1746453826033
4583,111.83949179728032
4585,94.64029410117746
4587,103.91343988698634
4595,93.95175964661635
4596,115.13909049112797
4601,94.55735809632338
4602,113.79037382247671
4603,95.44474571554676
4605,112.53813071329594
4606,94.11077148743666
4607,113.42483943381251
4608,95.44508027062048
4610,94.81747581175745
4613,103.21289482258769
4617,94.06164550828268
4618,111.58888144571782
4619,93.75742005333532
4620,94.52205648542486
4622,98.37577838917096
4625,94.07960175499548
4626,103.91343988698634
4627,94.93120291465402
4629,91.23277266464211
4631,94.43584107384314
4633,103.91343988698634
4634,114.4125895742126
4635,94.05436737366713
4639,93.86440277146627
4640,105.389264012674
4642,103.23865206260035
4644,112.06291861612797
4646,103.91343988698634
4647,94.62029045431629
4648,85.49710878779248
4649,94.30350433699678
4650,114.15641185509006
4655,93.9205746553861
4660,94.3434491060697
4661,114.79438681681157
4662,93.80923187574805
4663,112.69632620890141
4665,94.93957947716345
4666,112.40439505655766
4667,103.74342762073027
4668,94.96658041709543
4670,94.36249144921993
4671,112.25283840725658
4672,96.21154845618369
4673,103.4331559527447
4675,103.60654966555035
4676,94.73411673934177
4677,110.9701335157252
4680,94.50016012312017
4682,94.39004790717851
4683,112.25500388224125
4685,104.01712335866603
4686,94.44314240440954
4688,111.84717459757329
4690,113.40501145472012
4692,112.43412680704594
4693,93.51404236778845
4697,93.91941498741735
4700,111.8995961673975
4702,111.56174368937016
4707,116.09208486369818
4708,94.07648896202673
4710,79.6432648376944
4716,102.47983551072409
4717,94.61711874128423
4718,93.75661468552877
4720,94.66983785749517
4721,81.21156002371222
4723,94.72799224570747
4726,111.83454794962407
4727,91.0696105961733
4729,93.60209655808737
4731,94.5314334137062
4732,111.96287436563969
4735,94.55597412428321
4736,103.70041731486896
4737,95.42723625509754
4738,112.23373538373514
4739,111.51440329630375
4744,103.69728614053594
4747,93.7820129399233
4749,112.88681693155766
4750,94.0814862154447
4752,111.85025687296391
4755,94.7814040344137
4756,103.38787296312492
4757,112.24782985129298
4758,94.28692008665979
4759,103.09835391025089
4763,94.6049040806397
4764,103.02084077006316
4765,94.54588317918112
4766,94.44360779747595
4767,112.12853903849125
4769,111.94695181925297
4770,94.60891754456557
4771,79.15425982729829
4772,103.73800558213671
4774,111.87927146036625
4776,113.47766377875232
4777,111.5354833133936
4778,95.11865681605954
4780,95.96284087548946
4784,98.70042022119259
4786,94.76651480430246
4787,78.89138871887104
4788,97.4573773139168
4789,111.85025687296391
4791,104.6115792666823
4792,93.42989777550329
4795,112.14244742472172
4796,93.90002106651892
4803,94.12849854454626
4805,95.98746481062017
4807,94.61816406297018
4809,94.28292511925329
4816,93.97715698592256
4817,80.47757614142691
4818,94.11063050255407
4820,94.54615020798971
4821,103.09563630963135
4823,111.91540427286625
4824,95.61647827454604
4825,111.96446890909672
4829,102.67322277689186
4830,95.3650359165772
4831,112.10442200357843
4833,103.60205493483764
4836,94.39386780091323
4837,111.85216422159672
4838,93.44148682579626
4840,93.95579194054235
4841,79.25973922195936
4842,93.55396270798971
4843,114.09955503585562
4844,94.40660858201315
4849,107.63261127614453
4851,108.60915643647354
4852,94.71138428673376
4858,93.28377961144079
4860,95.3684538853272
4863,113.04567618448735
4864,94.29995758362807
4865,113.05850882608891
4867,111.29900112898801
4868,95.63552540736814
4869,112.74212553146108
4873,93.88817261681189
4875,94.69494773558557
4876,112.32960410196782
4877,94.29876709031393
4878,111.50717825968266
4880,78.94308620919486
4886,112.24590879657842
4888,106.01802111653109
4889,95.18781699239156
4890,114.18154876697417
4893,94.56977875062026
4895,94.57666778611471
4896,103.29393704175001
4899,100.54081297666156
4901,93.86746276282432
4902,111.63898367960454
4903,94.56811951622595
4904,111.85025687296391
4910,93.81919526085485
4912,93.78416871056189
4915,96.33097495137594
4916,104.1751897716822
4917,94.32936524376501
4920,103.73800558213671
4927,102.77840419250757
4928,94.16170166954626
4931,103.73146473010527
4934,94.13365204163588
4936,94.81482696580221
4939,112.40344901163579
4942,114.74312723524312
4943,95.49529256940923
4944,103.42561453016768
4945,94.49364136681189
4947,111.32707877237797
4948,94.39979553269674
4951,94.59405517625143
4952,111.85025687296391
4953,93.7542215823278
4956,94.56811951622595
4957,114.80360387856442
4958,93.67161653208865
4960,94.17828450560029
4968,94.15473234079818
4969,102.69186226067157
4971,103.65081528920197
4973,111.71137137491704
4975,113.69188763593172
4976,94.42470215782751
4978,94.33837158509291
4979,112.31477164577652
4982,95.36485656152462
4983,112.17896933634282
4984,98.66271228809674
4985,116.18063161662786
4986,91.33126831101706
4987,113.85203120208979
4988,94.8078704040426
4994,94.37360810265173
4995,95.27477254987798
5002,79.85785170264171
5004,94.19544982957174
5005,102.83729228243874
5006,94.71737182075273
5007,103.46040542642092
5009,111.90424246866704
5011,111.71137137491704
5014,94.58509491905798
5015,103.66216822857592
5018,96.34988831505407
5019,112.17538352091313
5020,94.0583880645851
5021,111.71466727335454
5022,94.3861737154447
5023,94.35069274949362
5025,95.44404592634282
5032,95.81218750306166
5034,93.84681701707174
5036,94.42315673875143
5038,95.49314148255385
5039,112.14248557169438
5046,95.10863913594625
5049,112.17538352091313
5051,94.80258292586521
5052,93.6110272310697
5053,111.87927146036625
5054,95.36898794294439
5055,95.0178276857616
5057,94.07497071251501
5059,94.76425933884909
5062,100.29412954401525
5063,112.0255727298975
5065,113.06499323389781
5069,94.02486084923376
5071,95.21365835898996
5074,111.97631735880375
5075,93.7190365694486
5076,112.69690474984742
5077,78.93471037136803
5079,103.88604588436246
5080,94.4927040895702
5081,111.6830663212061
5083,103.17787421708027
5088,103.65523616054082
5089,94.5610922182629
5093,112.10856528360844
5094,103.9612451105346
5095,94.69172271142696
5099,111.25734242613319
5101,112.19187064249516
5103,102.94156686426012
5104,94.19936799034704
5105,112.42797758224233
5107,94.24824952110876
5108,113.61500342412475
5109,98.92934395721505
5111,95.45416625390743
5112,111.52258963663579
5113,93.58569001183142
5114,111.78591055948735
5115,95.22222168274916
5118,94.69842194542517
5122,95.33329000593267
5123,79.35412587294502
5125,94.13655537562985
5127,103.15394105908894
5128,94.58999175742622
5129,113.83225305242394
5132,94.73288237983476
5134,114.00925950159512
5135,95.00305603966345
5137,112.56208701212407
5142,94.29525756882956
5143,103.64450015247772
5144,94.31823730515768
5148,94.16286499329604
5149,94.21041535362829
5150,105.02101745883238
5154,78.96895677307026
5155,94.53757842431759
5159,94.92322540330221
5164,94.46518372521032
5165,113.51510520060063
5166,94.38764190720846
5167,111.7435903080225
5169,93.91249084519674
5171,93.66199158653845
5172,111.60996146280766
5176,94.68801147767104
5184,113.22519046186014
5185,94.62702173514666
5186,113.40102286417485
5188,103.87291096652433
5189,112.38939566690922
5190,94.13528458343532
5191,113.51510520060063
5193,111.88349051554204
5196,94.82162254660145
5199,79.05786916474634
5200,103.48559844309085
5203,93.59500550255407
5204,111.8064794071436
5205,93.6531947460137
5207,93.91728638634314
5208,109.65808221670133
5212,94.61332305322384
5214,94.59988831505407
5218,93.76465271935095
5220,94.54043306673734
5222,94.04274352441524
5224,95.53518667341314
5225,103.73600437493351
5227,111.52646525496522
5229,103.25931076260673
5232,94.13496064171423
5233,115.32351491740911
5234,105.84398096582956
5237,111.67215628702641
5239,112.09790275474717
5240,96.00210236534704
5241,112.24428458292485
5244,94.70614989648556
5248,111.25315756876469
5251,93.87090729698767
5253,94.05283352417354
5255,94.5041000337934
5256,103.8608365952199
5257,93.69836853966345
5259,96.41611471296392
5260,112.23913474161625
5266,94.75349426316549
5268,94.27798127159704
5275,111.6797704227686
5276,112.73874964566687
5277,95.2954568778284
5279,94.29811524376501
5280,103.38456416415579
5281,94.5607881807673
5283,98.06874021642693
5284,79.14749098088035
5285,95.3475569737061
5286,103.12729859208991
5287,94.27247284874548
5289,94.21276886292495
5290,111.88349051554204
5292,104.5394869931173
5293,94.50252312033192
5294,102.80278087371073
5297,93.98695404358901
5299,102.93113991394773
5302,94.54002808556189
5305,78.69920239853977
5306,94.31143616661657
5308,94.42850159630407
5309,94.53323395081557
5310,115.38412644750312
5312,111.64658255655766
5316,113.29027457315922
5317,94.71165245382801
5319,79.37041279167084
5320,95.4269026768311
5323,94.81585358605017
5329,112.06268826277707
5331,111.37338919718266
5334,112.15740103800297
5336,112.30158903243765
5338,103.05731666986506
5341,94.74867070898435
5345,96.49925351780018
5348,94.38341187462439
5349,113.77109950461329
5355,103.60476974533941
5356,95.05566711143013
5360,104.95357455412602
5362,112.26844687540532
5364,112.25047202188969
5366,106.9287478691077
5367,94.75240451225582
5368,93.8201336763822
5370,94.47304211412037
5371,78.86280137756245
5373,103.55857000945349
5375,111.67215628702641
5376,93.58151673302282
5378,112.12296195108891
5379,94.27055358933737
5383,94.10700988816549
5384,103.20908188891434
5389,112.05531826765989
5391,79.12458708954514
5393,111.05974478800297
5395,115.80126090128422
5397,111.61897177774907
5398,94.35906158797334
5399,112.51993402841532
5401,117.02057454875677
5402,92.99305725144674
5403,111.94081693866826
5404,95.00224304246237
5407,78.78476622788085
5408,94.52852409689442
5413,112.96240878115918
5414,94.38411712693502
5417,95.03454368917957
5418,104.5394869931173
5420,113.58179558118812
5421,94.04504766622082
5424,94.09313630089392
5425,113.01646323282719
5426,95.44473710700359
5429,112.79141142013296
5431,94.67089843797018
5437,103.43764877102419
5440,95.68128967332174
5444,104.3084526688697
5446,103.83491297955248
5447,94.42300354353975
5451,95.4781918428861
5452,112.77748706488367
5455,105.82444208643503
5456,94.10393189415564
5458,97.20141266808142
5459,111.87284126913181
5460,94.61110352501501
5462,94.93065359824777
5463,111.80496115763188
5464,93.29125976609518
5465,111.8266347959802
5466,95.2099581026423
5467,103.1839065118435
5468,95.23531514002195
5469,112.70861716349125
5472,95.1622738741361
5474,94.07746155091323
5475,112.30678428589977
5476,95.65935506940923
5479,103.61438874564666
5480,111.8474950321436
5482,111.92701536396123
5485,94.20348388978041
5486,116.9682140140888
5488,79.91185121120236
5495,103.09656183502656
5496,94.27055358933737
5497,112.41054434854985
5499,113.58266348917485
5503,94.17426728233923
5504,94.46971130418112
5507,96.02828970075689
5509,97.89952515587439
5511,94.46977264710463
5512,111.44272513468266
5516,111.6853856571436
5517,95.1218489658936
5518,103.79899581850785
5521,94.46984894104995
5522,103.38463423006465
5527,95.04572012656809
5528,94.32986878380407
5529,112.34620566446782
5532,95.15512513146032
5533,114.75040342452749
5535,105.58497388484562
5536,100.38017768858018
5540,97.77753876671423
5547,94.61130188927282
5548,112.77658743937016
5550,78.68942037149759
5551,94.12184571251501
5554,111.60620017130375
5555,94.20351429004987
5559,110.73337691688297
5560,96.1149334810697
5561,112.2842626102686
5562,93.53386353478064
5563,113.64837052524939
5565,79.36057150780502
5566,94.78050506049883
5567,103.38510375141374
5568,94.6284499328512
5572,94.87476828330637
5574,94.76289367722799
5576,93.87812470421423
5579,112.47734370084265
5580,79.34122253827024
5581,94.17913200072229
5583,94.58935577698745
5584,112.47751517374516
5586,112.15970511515141
5587,94.36807186667826
5589,102.56684871155053
5591,103.68983494328671
5592,93.69119690880407
5593,112.7824452315756
5594,94.38060539572254
5595,78.74614074508327
5596,111.8441991337061
5597,112.52361197550297
5598,116.02064321330755
5599,94.50156067833532
5602,111.75182242472172
5603,94.38060539572254
5605,93.61614655480017
5607,93.80453067039258
5608,111.59477749617551
5609,93.38307618126501
5610,94.75047730431189
5612,94.4321594242983
5613,112.34256644327641
5614,94.34262450586056
5616,93.89924286827673
5621,95.31095267943323
5623,94.55909759827651
5628,112.58776407094834
5629,94.1046566866361
5631,96.62806095568831
5633,95.39920348838325
5638,104.22635434097725
5639,94.67518981347774
5640,105.16383173574735
5645,94.7542413365085
5646,78.91522761845067
5649,97.16063355431189
5653,111.85848170467881
5655,114.34230704386235
5656,94.56546448692907
5658,94.1635134918312
5662,117.10671041301458
5663,93.89183075257338
5667,94.37418510130823
5670,94.50156067833532
5671,102.56107729997882
5672,94.90182860742306
5673,103.39646040477388
5674,94.09474945115377
5675,104.38380156175623
5676,94.69653594428789
5679,112.06298728067875
5683,111.93350519986609
5687,94.44170921652332
5688,79.27324754455464
5690,94.10848194201705
5691,112.0847997196436
5692,91.66682099327673
5693,113.29368498529118
5694,94.73165275267542
5697,111.30886116659275
5698,93.36912201866735
5699,112.05655570108891
5704,94.85013580369284
5707,112.06298728067875
5709,103.44979294638861
5710,94.51407998384045
5714,94.25779389366735
5718,94.49163818406393
5721,94.88057468776987
5723,95.26589568505977
5724,112.8530028774525
5725,93.8170732117481
5726,111.75311795027707
5729,96.85633840681157
5730,103.83396505744977
5731,94.84664917039206
5733,78.95147879584246
5736,94.23843049034704
5741,103.75282176297716
5745,112.68364615519047
5747,94.61573791550924
5748,103.57797053147362
5750,111.63612265665532
5751,94.43445252403845
5752,94.08693360314001
5754,94.20405243858923
5755,94.70610840149916
5757,95.2809222442726
5758,116.25359914592474
5760,103.56931445369008
5762,103.32401195697099
5766,112.10459036905766
5768,95.4585417759522
5769,115.39179036906927
5770,94.52027130173971
5771,111.87877554972172
5772,94.01633118614782
5773,113.92234741300149
5774,94.47851564141439
5776,90.97620301990142
5777,112.04807944376469
5778,93.88634156212439
5780,112.33677573282719
5782,93.33377503380407
5783,78.86188723246619
5784,95.37976827741704
5786,94.67998015815508
5788,94.26831078660504
5789,112.11013546736692
5790,94.45464753136267
5791,103.0818221928516
5793,104.05731826410769
5794,94.56876896267221
5796,116.23670003703802
5797,93.79255393402573
5801,94.07820775368273
5803,94.39652031271473
5804,111.89055533487797
5805,94.46929931687643
5806,78.8543963621178
5808,112.14052481729985
5813,94.73593139695456
5815,94.27123405150354
5816,108.0365600907318
5822,95.1915517071921
5823,111.86617941935063
5825,102.77527869706074
5827,111.83196158487797
5829,102.68413943376788
5830,94.73066376671423
5831,111.78511563094114
5832,94.39896758447384
5833,112.1350926883936
5837,112.70577554555771
5838,94.53488861434053
5839,94.7010945878639
5842,105.69744155946123
5844,111.67058463175297
5845,106.72344883474764
5846,115.03376476962066
5848,78.79705043543035
5850,113.74613089640141
5851,93.8138793962548
5853,95.44681539655767
5854,103.28738707509916
5858,105.69744155946123
5860,110.85462929796239
5864,103.91159481844372
5866,94.55533378927723
5867,112.05451102335454
5868,93.56956147179235
5869,111.89708609659672
5870,94.45662354454626
5871,112.66828055460454
5874,113.56650443155766
5876,111.55859675260047
5877,94.18839936999908
5878,94.44797702155003
5879,112.11790366251469
5880,93.29384358620169
5884,93.76873779343893
5886,111.700743628335
5890,100.27584983686722
5896,94.38523965708754
5897,103.77535667688545
5898,95.44681539655767
5901,103.76768282970363
5903,111.86960501749516
5906,94.64524506554235
5908,111.86219687540532
5909,94.92536498694716
5910,112.04785056192875
5911,94.71298645958532
5912,111.70057717001072
5914,113.56650443155766
5919,111.68897910196782
5924,95.38436741132924
5926,94.28139459221313
5929,102.55700693416438
5930,94.59577342244268
5932,95.90357198835454
5933,114.46154322476843
5934,93.95088958787252
5935,112.16030020792485
5936,96.07508850144674
5937,111.98122828879298
5938,93.92987793537273
5939,111.04783568694273
5942,111.2519277647302
5943,94.30406852949474
5944,106.29581466814429
5946,112.08914847452641
5951,91.5633969210111
5953,104.1680704349121
5954,94.72127533006002
5957,103.80602249087113
5961,94.74151512373302
5962,105.71410913738265
5964,79.83373649174857
5965,94.00521111619489
5968,113.55661673624516
5969,93.89535866097884
5974,94.55843018517126
5975,110.76422108923822
5978,78.95177126497072
5981,103.4979260434933
5982,94.19630135730216
5983,113.26965231974125
5989,111.7299626094767
5991,94.1382630592098
5992,102.98350749096144
5995,94.94185824713597
5996,102.58789487801573
5997,111.90637869913579
5998,94.28673829189339
5999,78.95783569023996
6001,112.23749295027707
6002,95.106053249392
6003,112.00501151163579
6004,94.72127533006002
6006,111.4744619444177
6007,94.37574768113424
6011,100.71087473336294
6012,103.14804232664736
6014,94.70126008019079
6015,103.28792842456363
6016,94.21285392455042
6017,111.16650290567875
6018,95.4435042393311
6024,94.6068939724828
6025,103.44883016645593
6026,112.5233901455189
6028,111.59170832486609
6029,78.73018988856364
6030,94.65035278626479
6036,113.07846732218266
6040,94.21703583568862
6041,111.37218375284672
6042,94.3988007469506
6044,94.54146575974752
6045,103.27711180466801
6047,103.36831469099837
6048,93.83919854329739
6049,110.95636502058957
6051,115.9079112797138
6052,111.99906674178098
6053,93.72067275866092
6054,111.47766013224125
6058,104.51452958807613
6059,93.86134239424084
6062,95.32811727644048
6063,115.94862935832708
6064,103.6507132544246
6065,94.21703583568862
6067,95.04408264207174
6068,111.77045340616704
6070,102.68860444562776
6071,108.13580112667998
6072,111.4284047611475
6080,111.4284047611475
6081,95.42610619661434
6084,105.70802891451328
6087,94.45970429531135
6089,107.91572325508409
6092,111.4284047611475
6094,93.9225378587686
6095,111.83660025675297
6097,113.20609049701025
6100,94.25189702729011
6104,102.53917093692468
6105,94.10705632012807
6106,111.00032161199681
6107,79.13754760809908
6108,94.77088829267834
6109,111.41528983194829
6110,93.7252335948755
6114,111.41528983194829
6116,93.18603454899221
6117,103.2447642943383
6118,94.64642229838765
6123,78.85061304371061
6125,111.87303824503422
6128,110.85721340926145
6130,103.05923299152249
6132,110.04459931275372
6137,79.09783365396046
6139,114.4422713741825
6140,94.55690247387221
6141,113.64752893430858
6142,103.58363058784093
6144,110.71748949395544
6145,94.25407131009632
6146,94.70686806872794
6149,93.60476525793325
6156,95.5177350247811
6159,111.5355019978117
6160,94.57174927563003
6162,102.93426311972681
6164,111.3778814390466
6165,93.69795929264455
6168,78.97080042031789
6169,111.76544852335454
6170,94.23524315410725
6171,112.01297512801145
6172,92.71872717820995
6173,113.8587561022112
6176,96.42457816048704
6177,93.02724366931548
6178,94.67756219075832
6180,93.3290209309927
6181,102.58628645440169
6182,94.15640428416077
6185,93.77075689057136
6186,112.54782004435063
6188,111.79428763468266
6189,94.85546022938229
6192,105.75477062550013
6193,94.00257070624852
6194,102.4511317302806
6195,94.37972838443073
6196,114.41813379871692
6197,94.45659555174552
6201,111.86550040323735
6202,94.32491212634673
6203,111.3791250303552
6204,93.95968973791145
6207,116.9590816288349
6209,95.85179384147028
6210,93.25896947602058
6211,111.96200221457423
6213,112.72361655313969
6216,92.5179729649416
6217,93.7441260222765
6219,94.18256201573902
6222,78.87154375625838
6223,94.01822610853623
6235,95.63707968636595
6240,95.27898227690181
6242,94.35709865384632
6247,93.82355400312755
6251,112.3090199955225
6254,114.23720630304254
6255,94.59813137457942
6260,102.71407505660207
6261,94.41109795735989
6262,103.63382334983203
6264,111.83483023722172
6269,103.40494622147867
6271,105.46678588315768
6275,110.88944760115598
6276,94.15988670701762
6278,93.89987877378542
6279,112.1698827274561
6281,111.3500956742129
6284,93.2693422823437
6286,93.37804446215648
6287,79.99092903053176
6288,94.36431708165699
6292,94.02572823628589
6293,93.88363458603536
6295,94.03964630528483
6298,111.25118771346067
6300,110.97305813582395
6304,102.89032247146713
6308,111.23929348738645
6310,94.4534652902596
6312,110.85935874063969
6320,94.66240593183849
6324,95.16228326330435
6325,112.95591488631223
6330,94.5855445760028
6336,110.78928275187016
6340,103.9309830065948
6341,95.9445806395554
6342,104.20862757399314
6344,94.16874277746223
6345,111.77644248087407
6347,112.28610892374516
6348,95.68480305387834
6349,111.17183438094114
6351,78.67230433761208
6353,112.42233854511358
6354,93.60999872177754
6357,93.88636476999415
6358,103.5984248594554
6360,102.76593118968682
6363,112.59077768178818
6364,93.91789591466926
6368,111.24917104575837
6370,93.97016320519526
6371,94.23687555283223
6377,93.24088929598011
6379,93.97169305771504
6381,94.61278662181616
6382,78.88556930501258
6383,111.74050040323735
6388,111.34265799601079
6390,111.28056998331547
6392,101.9972636440589
6393,94.02356133751948
6395,94.92926267465259
6398,102.64788519347954
6401,78.83902876100348
6402,93.54137819606248
6403,110.60803738387082
6405,94.71956139547154
6406,93.52392743114831
6407,112.09278006632329
6409,102.73187067013163
6411,93.7123354464062
6413,94.57612955724738
6416,103.75036110828702
6417,93.2100222762746
6418,94.18151478483537
6419,117.29472921184271
6420,111.4942373350427
6426,112.51400841077796
6429,93.88781121285771
6430,94.01115258703481
6431,110.53865567000364
6432,95.04344257287536
6434,94.45741435529632
6437,112.22562924178098
6438,93.86773489207218
6439,102.53780494942606
6440,93.91099389562856
6441,94.54165581235964
6442,110.74486441690922
6443,95.34615451691278
6445,94.01548150094365
6448,111.88119406778813
6450,110.6290335448094
6453,94.10618051264476
6455,97.07170375686931
6457,94.0803703655807
6458,111.26734677107785
6461,94.35065686324
6464,112.10432334024907
6467,93.93576950539486
6469,94.4424882481353
6470,78.73458102110342
6471,94.36168743166573
6473,102.7236837418738
6474,93.47996053729008
6479,94.72429517523241
6481,93.8941314634522
6484,112.05236716349125
6495,100.01575947574753
6496,111.0042471006677
6505,110.32040588812762
6506,93.85680508382356
6508,96.00421968566337
6509,93.77784215046051
6510,102.72134091884158
6512,103.24363035221134
6513,94.44471796556729
6514,111.76624050887082
6515,93.67886837095224
6519,94.01100354033602
6521,93.71302993490266
6523,78.50053563639017
6525,105.43470575918485
6526,94.38353828045675
6528,93.73185588288419
6529,111.21939602644895
6531,105.03992874141096
6533,105.3904938102821
6534,93.38349920170762
6535,112.10745902140141
6536,93.5201291570846
6537,113.73688407022954
6540,93.71763301679826
6541,111.79582877237797
6547,94.08846401937043
6548,111.16137734090916
6551,111.98072714884282
6553,110.39946930365497
6555,105.7014374656977
6556,95.58485475646415
6561,78.72343642488465
6564,94.1101727863433
6565,112.1018895633936
6568,93.926017037132
6569,110.53693289835454
6573,103.81159868565476
6574,94.31648852779256
6577,111.15354819376469
6579,112.495028780421
6581,93.59179378339982
6582,110.44331875594114
6585,108.10280955693165
6586,94.37536730608292
6589,102.3931487331958
6590,78.5051704935679
6593,94.04086025327646
6594,110.76358332486609
6595,93.56730281963345
6599,92.88294910500309
6600,96.73606351137181
6601,111.1093358524561
6602,93.46399044759309
6603,111.81922049601079
6604,93.6050724922776
6607,104.74805519214394
6608,105.36353702923651
6609,93.96397570148991
6611,93.13990711281559
6613,110.13201441617468
6614,94.24060409048525
6616,94.03085267984383
6617,110.13201441617468
6618,94.0455084389711
6619,102.66621007767287
6621,105.34138344958441
6627,104.09001463436502
6629,111.19336600382329
6631,78.7049369405573
6634,94.30884117796279
6636,94.20227723779922
6638,93.926017037132
6639,110.13201441617468
6641,111.83280844767094
6642,95.11669182823331
6651,114.8035890705244
6654,80.92084857589421
6657,94.20892818540537
6663,93.43045656211879
6665,110.49436592539956
6666,93.89028345310723
6668,94.0424566811586
6669,104.71029658472608
6670,93.95819384965128
6671,93.8514689939511
6673,93.68093022202095
6675,93.92551937766729
6676,78.40991152943937
6677,93.9641197327914
6679,93.90024507486336
6680,110.71433773787473
6681,102.59901270585658
6685,102.24370715754117
6688,93.86165776866517
6689,93.0775185789108
6690,110.7373555252785
6692,110.13201441617468
6693,93.7706635431642
6694,93.81120718347725
6698,116.8414058475849
6699,93.49122861146947
6700,110.89634604532719
6701,93.75380062825715
6702,111.79154105265141
6704,93.0775185789108
6707,110.26793091254169
6712,111.5258168705225
6713,94.65465729782787
6715,93.16753644278205
6721,110.81591902854836
6722,93.79125123682266
6723,111.27265067179204
6724,94.30562867190056
6725,117.11249349406927
6731,111.31599326212407
6735,88.00251812852972
6736,93.18258160879768
6737,105.33532786075483
6738,93.724241061854
6739,103.34460799377777
6741,102.88249425877103
6743,93.88310795332092
6745,94.0301299470978
6747,110.68057766707395
6749,93.77115361467926
6750,102.62142140885695
6751,115.76091573528021
6752,93.01652677989443
6753,110.13077082486609
6755,112.21190338347662
6756,93.611704153647
6757,102.37488160183634
6759,111.73963065226079
6761,94.07030661082189
6763,94.03641300703185
6764,115.31047628215521
6765,93.37262688925938
6766,111.91871543009282
6768,110.51740017683957
6771,93.06651579833871
6773,93.56269804156403
6774,93.89813625443563
6778,102.47624154442363
6779,94.65081374360915
6781,92.38254669271379
6784,92.87554555922398
6786,93.63326597841368
6787,110.51640835555051
6790,93.86360804369014
6793,102.83944845595423
6795,110.04217829556922
6798,112.19769949991704
6806,104.02175783307655
6807,93.88650570915627
6810,92.98635769748
6815,110.43575039656614
6816,93.15577867120422
6817,103.48651327648864
6818,93.79581144058227
6819,102.26779315607632
6820,94.15829860795125
6822,96.15126890307224
6823,115.43150899699896
6824,110.51360836775754
6825,93.86360226677346
6828,78.5941314290827
6829,110.31173458846067
6831,110.04735317976926
6832,93.40841405169098
6833,110.50414028914426
6834,93.97071568743317
6836,95.3947525467782
6837,111.43231864054204
6838,94.84673802630036
6840,102.3814385970694
6843,93.01603441271476
6845,93.48708151949398
6846,93.06518168400578
6847,110.49197903426145
6851,111.0464605406091
6852,93.05289235137516
6853,111.04767361433957
6858,94.3101523224459
6861,111.81289579513296
6863,110.63757987101079
6864,78.42968657700195
6865,93.54458027646044
6866,111.3064794071436
6867,93.92147920268181
6868,103.65790349990112
6869,93.77616164578475
6870,110.51360836775754
6874,110.65898432584265
6875,93.94511302754464
6877,110.46761074812864
6878,93.08665039163967
6880,94.28353927029647
6883,110.2500738218591
6884,101.38541790802822
6886,94.11557294686145
6890,98.723699466851
6893,110.91328952625472
6894,93.14600176102869
6899,110.46761074812864
6900,93.49454543484725
6904,101.8413738237328
6905,110.42710577376272
6906,92.81796424016099
6910,92.95503611515812
6912,103.31088591575025
6913,111.71383693989176
6920,93.35201834810726
6922,93.58253811696588
6923,109.9523443296716
6926,93.94039962185897
6927,109.94923916609739
6928,93.16781424654476
6931,113.16532023543397
6933,93.39374013335816
6936,93.91098181726355
6937,111.31003470499516
6939,112.76456580314033
6941,93.38806960476913
6942,111.19571869001732
6943,93.67197145286167
6944,102.06882497871501
6945,94.09826745490429
6946,110.96502386458303
6947,115.0837154178974
6949,102.71103055682315
6951,102.63763775395529
6953,110.63593719982299
6954,94.65641829861679
6955,111.14386502058957
6963,110.7592991172699
6964,96.394027582793
6966,93.4359606025211
6968,93.10581230283043
6970,102.24700305597867
6972,110.90413674557263
6976,112.43586856244607
6978,111.04545493204594
6981,102.33008966481023
6985,103.103466577673
6986,93.679130225345
6987,110.96150723250364
6989,110.62243220728837
6991,115.1124019413349
6993,112.88194098678397
6994,93.59687850369491
6995,110.47830715926145
6996,92.28392839588699
6997,110.86830245139993
6998,78.6913680813949
7001,110.27308543318787
7003,110.62853748971702
7006,93.33779918202413
7008,108.48173383438231
7010,93.2783469672089
7011,94.10470188127016
7012,112.49467672054982
7013,93.77112624539413
7014,111.69415189864858
7017,104.30692451740441
7018,93.94342849148788
7019,92.42030711125187
7023,93.90395153875329
7024,102.9480277867676
7025,93.30410811795272
7026,110.81082816202641
7027,93.33190819180797
7028,112.43435867522294
7030,109.9215174782554
7031,93.3323095069924
7033,110.90456143172239
7036,93.5755083477523
7037,93.20662959276513
7039,92.87536055648758
7044,93.74179936030401
7045,111.07105155069829
7046,95.17128927683751
7049,102.73945231711718
7050,99.85355736600715
7051,102.24389026300992
7054,109.77671904503686
7055,94.63506727910482
7057,92.95696420699457
7060,110.46761074812864
7061,94.4811457559135
7063,92.20558325871568
7064,110.76061001570676
7067,94.22814223660507
7071,93.19303939236679
7074,102.05947779913816
7075,93.32734763598535
7078,110.89435477335454
7079,92.79313547450315
7080,114.79799404890989
7081,93.89774481532041
7082,111.24883170206547
7083,96.11178397310726
7085,110.99570188176764
7092,102.0692157155242
7094,94.15749335805296
7100,93.05671339726888
7101,110.96542464378274
7102,110.79700369913579
7104,110.41814175398801
7105,94.4811457559135
7106,94.18054232380658
7107,102.50395965511859
7108,78.28233329615628
7109,93.7614513923372
7110,110.79611868937016
7112,93.99567824101888
7113,102.5491622419894
7114,93.35790275829135
7116,111.32414145548344
7117,95.40385998931194
7118,102.3355868234554
7120,93.66419722385021
7121,105.90913775512473
7123,102.53838265811521
7124,95.51138594773946
7127,105.73789168398753
7131,102.29159671381242
7132,93.7410893191246
7133,92.83566408207423
7134,111.60090762494607
7135,92.9366831065233
7136,110.8982983229456
7137,93.1546919186103
7141,93.64680128789388
7144,102.33083262204968
7147,110.31375228050149
7148,92.57987173918087
7150,92.56700867417888
7151,93.57208640948389
7152,104.68180958044812
7154,93.4300481399822
7156,93.35169962610843
7157,103.0375775185567
7159,115.11408040813177
7161,94.17686851397607
7163,93.61101942754232
7164,102.92461321471669
7167,78.5152739198326
7169,102.65044399272935
7170,93.21407981179766
7173,93.55077772832357
7174,104.24171855400292
7177,110.71701712687016
7178,103.17664327876724
7179,93.96313124394857
7180,79.27449358620211
7181,110.35163985374368
7182,93.19914754805109
7184,94.08021240780508
7185,113.32863722923196
7186,92.14395357571425
7187,113.02686373903853
7188,97.74130546376193
7189,111.07901106956399
7191,102.1057271887866
7193,110.18760569685975
7197,93.23813051365283
7199,93.06897901786931
7200,111.01006980021
7201,92.74065936472667
7204,93.3140589085011
7207,110.29471694114602
7209,110.44554038126469
7210,92.34721430590062
7211,102.889744523236
7213,92.65695160630779
7214,110.81583510520852
7216,110.52853499534524
7217,93.8706105225526
7220,110.28607693465207
7224,109.98215590598977
7225,92.55549761384191
7226,110.51416121604836
7227,92.95926268421422
7234,113.21598158958352
7236,84.95593391625553
7239,101.99702431378563
7240,93.21835188411814
7242,113.34657821894612
7244,110.05310242133075
7245,92.67564556155804
7247,110.78824721458352
7248,92.61271874589457
7249,115.1231212406513
7250,111.41427427509404
7251,93.2122036815031
7252,110.83667655069829
7253,78.27870371026492
7256,93.93412084193915
7260,93.91335299457631
7261,111.16554281495584
7264,93.8849061353134
7269,110.75819445198226
7270,92.9097052740812
7273,110.49465285423196
7279,92.69981847642174
7281,110.92363082054055
7284,101.5621503224744
7285,111.75572480311789
7286,115.14002034953802
7287,92.43366908297162
7289,93.76952854705004
7292,93.42812686634676
7293,111.06382651407719
7296,92.9115462821118
7297,112.19060622337258
7298,92.44050725606814
7299,111.14100752952493
7301,102.02571473171915
7304,110.19287215354836
7306,114.08556460865896
7308,93.72960392546801
7309,101.93428911444329
7312,93.46489112724683
7313,78.29527094048953
7314,93.96660831412336
7316,95.46145105110455
7319,112.51233515284312
7321,93.69630775546608
7323,93.5831639203472
7324,102.63873436126673
7325,92.88905112941364
7328,102.43529571100515
7330,78.40304934097517
7334,93.18390414940427
7337,113.0864115822593
7338,94.93733751771921
7339,93.20856068181405
7341,92.51865535193602
7342,111.81768904807961
7344,113.43216811302102
7345,110.54854357528563
7347,110.19741709822694
7349,110.90034590843118
7350,94.13787317024517
7353,111.15447592558797
7355,110.8383703434728
7356,93.44781334946367
7357,114.00542555931008
7358,93.8562541239798
7360,92.74282985144774
7363,104.40469178951852
7364,93.15022153344054
7366,93.05265431734281
7368,92.83124089863753
7369,110.49173079612649
7370,92.21902111012733
7373,93.08956428447186
7374,111.36790579007288
7375,93.41747193682207
7377,97.19029919294323
7379,96.80021334858947
7380,114.65164427704602
7382,111.9281627480807
7383,93.44222911402665
7385,92.91139735000218
7386,103.11256903357315
7391,97.25830164896908
7394,111.35145939428617
7396,111.20953947284795
7397,92.67869638022674
7399,95.91962579748716
7400,102.47900579697242
7403,78.51047708672976
7405,110.12597677491678
7408,111.13612471702493
7414,110.74323460487386
7416,102.12784511562961
7417,93.5423322381562
7419,92.71202550620083
7420,113.1880012568308
7421,93.32792937490748
7422,93.10150885682808
7423,104.42035273643302
7425,78.20035329386087
7430,98.4908967660104
7432,93.2724041522307
7433,94.58571498160364
7434,110.34044759915491
7436,109.53701939966822
7437,92.68400572567765
7438,102.52834779916662
7440,102.56090484745465
7441,92.5993440503591
7442,111.83169661643899
7445,110.22517500999368
7446,102.31940520807547
7448,110.54039077742172
7450,102.88728256539642
7451,93.41427342009692
7454,110.6993285641239
7455,94.49698877083111
7457,110.75307364542485
7459,102.28005279108328
7462,92.97926612773358
7464,93.40900913787036
7465,110.19200129322161
7466,92.73204143908208
7467,110.1719828713218
7469,110.8997495372202
7472,93.10937930317931
7473,109.59858809593118
7479,93.04322515219692
7480,102.6227126857294
7484,109.70845882579948
7491,92.53426509314696
7494,105.47318741398678
7495,93.1037876725645
7501,92.99396265761936
7503,92.50296853598846
7504,102.49844965654017
7505,92.8334774285662
7508,110.102379232999
7509,93.1033349012022
7510,78.27995874566531
7511,110.63935137336898
7515,92.98242534409565
7516,103.455180239866
7517,92.6091953636269
7518,102.5667133702785
7519,92.60704188758055
7521,93.82018054996138
7522,102.05002497931395
7524,103.28567199340299
7526,102.71924434860915
7527,92.3257345082053
7528,103.6612826186354
7529,92.5586181204907
7534,111.16974002240701
7537,110.53535977156614
7538,93.4466569603409
7540,92.8782965999533
7541,111.38450522501469
7545,111.58117781761086
7551,111.48375319150287
7553,92.88081430014861
7554,101.76509783065129
7555,93.4721592307634
7561,110.11271204801062
7562,94.86134927420156
7564,92.8304986650756
7565,102.6312070429347
7566,93.07732720095646
7567,110.53977457170191
7569,101.60081849148477
7570,92.53112180171433
7571,114.50436011949881
7572,92.61920903528573
7574,103.711882131365
7578,110.04602156761086
7579,93.10668345682993
7586,91.97585345464105
7587,81.42922877650486
7590,92.62939601355711
7593,109.59323989036477
7594,92.4026989520354
7595,93.07732720095646
7600,92.27494413454474
7601,87.01534372510264
7602,92.84472377443805
7603,110.69038961636954
7604,92.31773841594008
7606,93.46529477625174
7608,111.32400838715958
7613,78.56556056721348
7615,109.57168685081399
7616,109.21884313013697
7617,113.19153763410361
7618,92.3257345082053
7619,102.11026141779507
7622,93.41707547202495
7623,102.39849928934672
7624,93.54732288394575
7625,102.83993762662246
7626,92.87672494467986
7627,105.10882122666385
7628,78.35897717886311
7631,105.64036655984924
7632,102.09917590754117
7633,93.35689235718445
7634,117.32305938464751
7635,92.65420891312726
7636,110.4947596657554
7637,110.4947596657554
7639,92.46982198573471
7640,78.37783374013273
7644,110.98051352579594
7645,92.87999446535602
7648,102.54159726474657
7649,93.12458775947312
7650,110.27604018333352
7652,110.01158137134661
7653,92.92595820838133
7655,92.63606777927268
7659,110.39043942244504
7662,99.20116524731614
7664,92.90505542747599
7666,94.27616866368763
7668,92.55061396166622
7669,110.97981529015735
7670,92.57638574743316
7672,93.10956536606639
7673,110.56723128440774
7678,92.13627696574727
7679,79.24348033968784
7680,104.03254187905236
7683,92.27659319573908
7685,114.91506355427416
7688,93.31334093756612
7690,109.19351354029322
7692,92.56870418006102
7693,95.4911555745665
7695,112.84227858665383
7696,92.69032435828368
7698,92.90237864398921
7699,110.58072005393899
7702,92.17235654382986
7703,110.31845198753274
7704,93.92836789821143
7707,110.63400316780258
7713,78.19204189415555
7715,102.3835924172898
7717,110.42217770369504
7718,98.6779467431586
7719,102.31851826644058
7721,113.14703111670781
7722,92.9301286709763
7725,103.4228999969794
7727,101.8421127083011
7730,83.47667166400106
7733,92.62095146727722
7735,101.82913575222696
7740,110.31012068870461
7741,110.71284597561976
7742,92.14486842566649
7744,109.81642247269042
7747,92.80204374591042
7750,78.06860115305238
7752,110.44695797713254
7754,111.38484297874368
7756,105.24595914630322
7757,93.30353951953566
7758,107.04695840800062
7760,103.96217597329064
7761,92.78853726447585
7763,111.3091899025718
7765,92.66047816687743
7767,110.48642836692727
7768,92.82127528601805
7771,93.2599200288544
7773,92.49757533484618
7774,119.45366011741555
7776,102.5647791635561
7779,92.51351667647074
7783,92.51449947630786
7786,105.95116364444414
7787,92.79434352332274
7789,92.53236128096293
7791,92.50316005164305
7793,93.04980616980711
7794,110.77976339505335
7795,92.51619471328343
7799,78.05365183038211
7800,112.87626913157223
7802,93.53960721116974
7805,111.01057708758177
7807,101.67369005477238
7808,94.00050460429568
7811,102.3684173366083
7817,109.04170384791041
7818,101.93250415461148
7819,93.290849482488
7822,92.5426116698784
7823,109.93605147483743
7825,110.89888106468118
7828,92.92347789348165
7832,93.18143869188896
7833,78.12503375233976
7834,110.98835860374368
7835,92.58547235631988
7837,92.9500085110279
7840,92.69442096085652
7842,92.62132330951405
7843,109.51265822532571
7844,92.75474696570555
7846,92.74526844148411
7850,92.61959012046245
7853,110.94861855914533
7855,111.7634643492535
7858,93.20603683718656
7863,110.80748238971174
7865,110.47611489703596
7866,92.33478395474137
7868,89.53942623874534
7869,110.15203610213254
7871,78.24237810684431
7872,102.21879594211967
7874,102.08932063322726
7877,110.71548214705442
7878,92.8042645037932
7879,110.01223097923196
7881,96.3271993519553
7883,92.27047114783446
7885,103.9021790319101
7886,92.8869864803244
7889,94.40006256376478
7890,103.06099387687527
7891,92.7153744203367
7893,92.25406032019774
7894,103.27175402962786
7896,110.03337966087258
7898,101.42479565717073
7901,92.2190185111157
7902,109.2404260555692
7904,110.19921224759241
7905,92.15465229112306
7906,113.90026123584866
7909,92.9258821362966
7910,101.80654877144681
7913,92.65104703639503
7918,110.45491280963361
7919,91.87892512763784
7923,91.59034431193618
7925,92.77128467683568
7927,92.09770290452329
7930,93.07544117640694
7932,92.61845420408238
7933,92.6636766432963
7935,92.41980494277561
7939,102.607747175387
7942,92.05225520545164
7943,111.64053287671851
7945,101.97993737945666
7946,92.43626552039305
7948,93.02270246748637
7949,109.57977400901711
7950,92.1606917899243
7951,110.47190199973977
7955,102.27957238917236
7959,92.66763727964042
7960,110.08935652854836
7961,92.47926806146174
7962,102.22111427504134
7964,102.4588481727736
7965,92.86644205763827
7966,110.45436349322736
7967,102.55644170589505
7968,92.56578967582917
7971,102.86271422237039
7974,91.89894465888784
7976,109.56844750344149
7978,110.6776377241844
7982,110.08186446311868
7983,92.91486529059347
7984,101.9096083416232
7986,92.21746213374558
7989,109.56532393577493
7991,109.22808169521764
7992,110.89983473899758
7993,89.26012862114783
7994,110.25521340777814
7995,93.1210361839394
7997,91.87368447204292
7998,101.9096083416232
7999,109.03970494654322
8002,92.60570963764155
8007,93.59751566791499
8009,92.76817747485228
8011,92.5751783218536
8013,92.78994133788211
8015,103.02643822979707
8017,111.22684369268816
8019,114.42545478962572
8023,92.49565487181567
8024,111.2139750588218
8026,110.73073068072736
8027,93.47462929620906
8029,92.76459215814143
8030,111.016288969741
8031,92.21936337410997
8033,93.23154188399027
8035,92.40391688758055
8036,104.38688424175626
8039,102.74058095422942
8042,92.32474605637876
8044,92.62954860144774
8046,78.46953390714927
8048,111.86127577903665
8049,92.14777818753615
8050,102.39261880666876
8053,91.92555385047118
8054,92.71693568640868
8059,92.45287471228758
8061,93.72762660468862
8062,110.28183852317727
8064,110.06207381370461
8066,102.83050604800741
8067,92.67638507218464
8068,92.48653925674046
8070,92.76938777381102
8071,110.76102700641096
8072,92.28204647957872
8076,92.6283468128928
8080,91.95997004920164
8081,110.00549422386086
8084,98.94767376974423
8087,110.47705184104836
8089,92.27925180014861
8090,116.06158607624681
8091,102.2167068263544
8094,121.82324413988971
8100,92.04626613074461
8101,92.43951679986327
8110,92.20950387534393
8111,109.20320223965123
8112,92.0892806571118
8115,110.51199511558028
8116,94.12414171912732
8118,110.05419264915383
8121,115.37880504523883
8125,109.81713973167336
8127,110.24356948020852
8128,93.33303121036755
8129,109.17568301357701
8131,92.96520411215198
8138,92.29233301894749
8139,101.86873052237286
8140,92.47250514441649
8141,91.99891047888914
8142,111.33766958497537
8143,110.29937850120461
8145,110.70646157672346
8146,93.18526972549046
8148,109.50871382835305
8153,109.88533888938821
8154,93.35519479331268
8155,110.22159682395852
8161,92.46379159507049
8162,111.66078970216287
8163,92.38706317277058
8166,109.86531935813821
8168,109.97848616722024
8170,92.4451539745948
8172,109.1433801571317
8173,91.80041165178201
8176,102.35036736398638
8179,91.92706447058836
8181,92.76754552993208
8182,113.99428958717556
8184,109.88583480003274
8190,103.30888373351434
8191,92.65776577731955
8194,110.67510171089052
8196,111.03066525353378
8198,109.58760176780618
8199,110.24638619830549
8201,110.81175885382098
8202,92.53070138510955
8207,92.66450690100652
8208,109.07875918545201
8211,110.68265339218155
8214,109.86383579470191
8217,92.0512939017407
8218,109.60424910667336
8222,91.62771676596893
8229,102.82724738040139
8231,92.88838711521018
8233,93.28770509376832
8236,92.4977050345532
8238,110.80832015159524
8240,101.44232914152158
8243,102.17755735704785
8246,111.14679061057961
8250,92.55724404868377
8254,93.01453384155533
8256,78.17468917076806
8257,109.5155272220797
8258,93.20427011069549
8260,92.68960719519774
8261,111.17940627220071
8263,113.33837601328088
8264,92.2665075184592
8267,109.9081889260093
8268,91.9589324515454
8271,92.68928697020027
8272,109.0625696102567
8275,92.84433405698417
8276,93.33309555442668
8277,104.23942702716397
8278,114.36974495075853
8279,92.64310969131077
8280,111.30473433616555
8281,93.38797067221893
8282,109.55300236770995
8287,110.77462789796365
8288,91.80514187639139
8289,110.5592127907554
8294,94.3731174612781
8296,92.05188136511961
8299,109.83296344034142
8302,101.8243840673436
8308,110.50460921409524
8314,102.20007251034389
8315,92.79804784926802
8316,109.77559280032628
8317,93.38365063054468
8319,111.25435744407571
8320,88.92299483272444
8321,113.99315441047321
8323,92.31465219077361
8325,92.30584786948455
8326,110.72621407916486
8328,109.0766076961942
8330,113.07610250667679
8331,92.80089717322508
8332,116.53241983006708
8334,92.55631006972874
8338,92.49896328049985
8339,93.07490706827352
8341,91.94082789832274
8345,110.60641732623517
8346,92.77490100984349
8347,102.27254555798822
8349,93.38999444055509
8351,92.46101449546111
8352,110.23819623175066
8353,109.0674753109403
8355,110.69706580446339
8358,109.33271947291041
8359,113.13050771907913
8360,92.75678650674467
8361,109.92872725608743
8363,102.27320479681086
8364,93.09525774652033
8365,92.86612077243754
8366,101.87991080074204
8370,110.17981063011086
8372,92.24855111655486
8376,93.21799692824374
8377,110.09154616477883
8379,109.64801131370461
8380,92.81966572474678
8381,110.40718184593118
8386,92.09288936072508
8388,102.34342940813247
8389,97.89458613806883
8391,111.40702078126444
8394,93.01453384155533
8396,103.0509515991931
8398,102.0240765820406
8400,111.20653555177225
8401,92.7849822562329
8404,92.0568328421704
8407,93.25346916611105
8408,110.58703719261086
8409,109.26155184902623
8410,107.1219664499763
8411,94.02181666196464
8413,93.20661270191547
8414,110.02587996604836
8416,93.2568831961743
